-- ============================================
-- Cognitive Distortion Games: schema + seed data (large pool)
-- Generated for Neon (PostgreSQL)
-- ============================================

CREATE TABLE IF NOT EXISTS distortion_types (
  slug TEXT PRIMARY KEY,
  name_ru TEXT NOT NULL
);

CREATE TABLE IF NOT EXISTS distortion_situations (
  id SERIAL PRIMARY KEY,
  distortion_slug TEXT NOT NULL REFERENCES distortion_types(slug),
  situation_text TEXT NOT NULL
);

CREATE TABLE IF NOT EXISTS distortion_options (
  id SERIAL PRIMARY KEY,
  situation_id INTEGER NOT NULL REFERENCES distortion_situations(id) ON DELETE CASCADE,
  option_text TEXT NOT NULL,
  score SMALLINT NOT NULL CHECK (score IN (0, 1, 2))
);

INSERT INTO distortion_types (slug, name_ru) VALUES
  ('all_or_nothing', 'Всё-или-ничего мышление'),
  ('overgeneralization', 'Сверхобобщение'),
  ('mental_filter', 'Негативный фильтр'),
  ('discounting_positive', 'Обесценивание позитива'),
  ('mind_reading', 'Поспешные выводы: чтение мыслей'),
  ('fortune_telling', 'Поспешные выводы: предсказание будущего'),
  ('magnification', 'Преувеличение/преуменьшение'),
  ('emotional_reasoning', 'Эмоциональное обоснование'),
  ('should_statements', 'Долженствования'),
  ('labeling', 'Навешивание ярлыков'),
  ('personalization', 'Персонализация и обвинение');

INSERT INTO distortion_situations (id, distortion_slug, situation_text) VALUES
  (1, 'all_or_nothing', 'Айтишник 27 лет пропустил дедлайн на день из-за болезни.'),
  (2, 'all_or_nothing', 'Учительница 45 лет забыла проверить часть тетрадей к уроку.'),
  (3, 'all_or_nothing', 'Строитель 35 лет допустил перерасход бюджета на объекте.'),
  (4, 'all_or_nothing', 'Студент-первокурсник не успел подготовиться к семинару.'),
  (5, 'all_or_nothing', 'Мама троих детей забыла забрать одного из садика вовремя.'),
  (6, 'all_or_nothing', 'Пенсионерка 68 лет запуталась в новом приложении банка.'),
  (7, 'all_or_nothing', 'Продавец-консультант не смог решить сложный вопрос клиента.'),
  (8, 'all_or_nothing', 'Программистка-джун не смогла сама разобраться с багом.'),
  (9, 'all_or_nothing', 'Отец подростка забыл про родительское собрание.'),
  (10, 'all_or_nothing', 'Молодой водитель врезался в бордюр на парковке.'),
  (11, 'all_or_nothing', 'Медсестра перепутала порядок процедур в загруженную смену.'),
  (12, 'all_or_nothing', 'Фотограф-фрилансер сорвал срок сдачи фотосессии на день.'),
  (13, 'all_or_nothing', 'Парень 24 лет забыл поздравить друга с днём рождения.'),
  (14, 'all_or_nothing', 'Женщина 55 лет не смогла испечь пирог по новому рецепту.'),
  (15, 'all_or_nothing', 'Курьер доставил заказ с опозданием на 40 минут.'),
  (16, 'all_or_nothing', 'Начинающая художница не продала ни одной картины на ярмарке.'),
  (17, 'all_or_nothing', 'Инженер предложил решение, которое не одобрил заказчик.'),
  (18, 'all_or_nothing', 'Девушка на первом свидании неловко пошутила.'),
  (19, 'all_or_nothing', 'Пожилой мужчина забыл дорогу в знакомом районе.'),
  (20, 'all_or_nothing', 'Бариста перепутала заказ в час пик.'),
  (21, 'all_or_nothing', 'HR-менеджер не успела ответить всем кандидатам вовремя.'),
  (22, 'all_or_nothing', 'Подросток не подготовился как следует к контрольной.'),
  (23, 'all_or_nothing', 'Молодая жена пересолила ужин для гостей.'),
  (24, 'all_or_nothing', 'Тренер по йоге забыла план занятия для новой группы.'),
  (25, 'all_or_nothing', 'Юрист не заметил опечатку в договоре.'),
  (26, 'all_or_nothing', 'Дедушка не смог настроить видеозвонок с внуками.'),
  (27, 'all_or_nothing', 'Актёр любительского театра забыл реплику на репетиции.'),
  (28, 'all_or_nothing', 'Копирайтер сдал текст с фактической неточностью.'),
  (29, 'all_or_nothing', 'Волонтёр не успел выполнить часть задач на мероприятии.'),
  (30, 'all_or_nothing', 'Садовник по ошибке срезал не те ветки на участке клиента.'),
  (31, 'overgeneralization', 'Айтишник 27 лет пропустил дедлайн на день из-за болезни.'),
  (32, 'overgeneralization', 'Учительница 45 лет забыла проверить часть тетрадей к уроку.'),
  (33, 'overgeneralization', 'Строитель 35 лет допустил перерасход бюджета на объекте.'),
  (34, 'overgeneralization', 'Студент-первокурсник не успел подготовиться к семинару.'),
  (35, 'overgeneralization', 'Мама троих детей забыла забрать одного из садика вовремя.'),
  (36, 'overgeneralization', 'Пенсионерка 68 лет запуталась в новом приложении банка.'),
  (37, 'overgeneralization', 'Продавец-консультант не смог решить сложный вопрос клиента.'),
  (38, 'overgeneralization', 'Программистка-джун не смогла сама разобраться с багом.'),
  (39, 'overgeneralization', 'Отец подростка забыл про родительское собрание.'),
  (40, 'overgeneralization', 'Молодой водитель врезался в бордюр на парковке.'),
  (41, 'overgeneralization', 'Медсестра перепутала порядок процедур в загруженную смену.'),
  (42, 'overgeneralization', 'Фотограф-фрилансер сорвал срок сдачи фотосессии на день.'),
  (43, 'overgeneralization', 'Парень 24 лет забыл поздравить друга с днём рождения.'),
  (44, 'overgeneralization', 'Женщина 55 лет не смогла испечь пирог по новому рецепту.'),
  (45, 'overgeneralization', 'Курьер доставил заказ с опозданием на 40 минут.'),
  (46, 'overgeneralization', 'Начинающая художница не продала ни одной картины на ярмарке.'),
  (47, 'overgeneralization', 'Инженер предложил решение, которое не одобрил заказчик.'),
  (48, 'overgeneralization', 'Девушка на первом свидании неловко пошутила.'),
  (49, 'overgeneralization', 'Пожилой мужчина забыл дорогу в знакомом районе.'),
  (50, 'overgeneralization', 'Бариста перепутала заказ в час пик.'),
  (51, 'overgeneralization', 'HR-менеджер не успела ответить всем кандидатам вовремя.'),
  (52, 'overgeneralization', 'Подросток не подготовился как следует к контрольной.'),
  (53, 'overgeneralization', 'Молодая жена пересолила ужин для гостей.'),
  (54, 'overgeneralization', 'Тренер по йоге забыла план занятия для новой группы.'),
  (55, 'overgeneralization', 'Юрист не заметил опечатку в договоре.'),
  (56, 'overgeneralization', 'Дедушка не смог настроить видеозвонок с внуками.'),
  (57, 'overgeneralization', 'Актёр любительского театра забыл реплику на репетиции.'),
  (58, 'overgeneralization', 'Копирайтер сдал текст с фактической неточностью.'),
  (59, 'overgeneralization', 'Волонтёр не успел выполнить часть задач на мероприятии.'),
  (60, 'overgeneralization', 'Садовник по ошибке срезал не те ветки на участке клиента.'),
  (61, 'mental_filter', 'Айтишник 27 лет пропустил дедлайн на день из-за болезни.'),
  (62, 'mental_filter', 'Учительница 45 лет забыла проверить часть тетрадей к уроку.'),
  (63, 'mental_filter', 'Строитель 35 лет допустил перерасход бюджета на объекте.'),
  (64, 'mental_filter', 'Студент-первокурсник не успел подготовиться к семинару.'),
  (65, 'mental_filter', 'Мама троих детей забыла забрать одного из садика вовремя.'),
  (66, 'mental_filter', 'Пенсионерка 68 лет запуталась в новом приложении банка.'),
  (67, 'mental_filter', 'Продавец-консультант не смог решить сложный вопрос клиента.'),
  (68, 'mental_filter', 'Программистка-джун не смогла сама разобраться с багом.'),
  (69, 'mental_filter', 'Отец подростка забыл про родительское собрание.'),
  (70, 'mental_filter', 'Молодой водитель врезался в бордюр на парковке.'),
  (71, 'mental_filter', 'Медсестра перепутала порядок процедур в загруженную смену.'),
  (72, 'mental_filter', 'Фотограф-фрилансер сорвал срок сдачи фотосессии на день.'),
  (73, 'mental_filter', 'Парень 24 лет забыл поздравить друга с днём рождения.'),
  (74, 'mental_filter', 'Женщина 55 лет не смогла испечь пирог по новому рецепту.'),
  (75, 'mental_filter', 'Курьер доставил заказ с опозданием на 40 минут.'),
  (76, 'mental_filter', 'Начинающая художница не продала ни одной картины на ярмарке.'),
  (77, 'mental_filter', 'Инженер предложил решение, которое не одобрил заказчик.'),
  (78, 'mental_filter', 'Девушка на первом свидании неловко пошутила.'),
  (79, 'mental_filter', 'Пожилой мужчина забыл дорогу в знакомом районе.'),
  (80, 'mental_filter', 'Бариста перепутала заказ в час пик.'),
  (81, 'mental_filter', 'HR-менеджер не успела ответить всем кандидатам вовремя.'),
  (82, 'mental_filter', 'Подросток не подготовился как следует к контрольной.'),
  (83, 'mental_filter', 'Молодая жена пересолила ужин для гостей.'),
  (84, 'mental_filter', 'Тренер по йоге забыла план занятия для новой группы.'),
  (85, 'mental_filter', 'Юрист не заметил опечатку в договоре.'),
  (86, 'mental_filter', 'Дедушка не смог настроить видеозвонок с внуками.'),
  (87, 'mental_filter', 'Актёр любительского театра забыл реплику на репетиции.'),
  (88, 'mental_filter', 'Копирайтер сдал текст с фактической неточностью.'),
  (89, 'mental_filter', 'Волонтёр не успел выполнить часть задач на мероприятии.'),
  (90, 'mental_filter', 'Садовник по ошибке срезал не те ветки на участке клиента.'),
  (91, 'discounting_positive', 'Айтишник 27 лет пропустил дедлайн на день из-за болезни.'),
  (92, 'discounting_positive', 'Учительница 45 лет забыла проверить часть тетрадей к уроку.'),
  (93, 'discounting_positive', 'Строитель 35 лет допустил перерасход бюджета на объекте.'),
  (94, 'discounting_positive', 'Студент-первокурсник не успел подготовиться к семинару.'),
  (95, 'discounting_positive', 'Мама троих детей забыла забрать одного из садика вовремя.'),
  (96, 'discounting_positive', 'Пенсионерка 68 лет запуталась в новом приложении банка.'),
  (97, 'discounting_positive', 'Продавец-консультант не смог решить сложный вопрос клиента.'),
  (98, 'discounting_positive', 'Программистка-джун не смогла сама разобраться с багом.'),
  (99, 'discounting_positive', 'Отец подростка забыл про родительское собрание.'),
  (100, 'discounting_positive', 'Молодой водитель врезался в бордюр на парковке.'),
  (101, 'discounting_positive', 'Медсестра перепутала порядок процедур в загруженную смену.'),
  (102, 'discounting_positive', 'Фотограф-фрилансер сорвал срок сдачи фотосессии на день.'),
  (103, 'discounting_positive', 'Парень 24 лет забыл поздравить друга с днём рождения.'),
  (104, 'discounting_positive', 'Женщина 55 лет не смогла испечь пирог по новому рецепту.'),
  (105, 'discounting_positive', 'Курьер доставил заказ с опозданием на 40 минут.'),
  (106, 'discounting_positive', 'Начинающая художница не продала ни одной картины на ярмарке.'),
  (107, 'discounting_positive', 'Инженер предложил решение, которое не одобрил заказчик.'),
  (108, 'discounting_positive', 'Девушка на первом свидании неловко пошутила.'),
  (109, 'discounting_positive', 'Пожилой мужчина забыл дорогу в знакомом районе.'),
  (110, 'discounting_positive', 'Бариста перепутала заказ в час пик.'),
  (111, 'discounting_positive', 'HR-менеджер не успела ответить всем кандидатам вовремя.'),
  (112, 'discounting_positive', 'Подросток не подготовился как следует к контрольной.'),
  (113, 'discounting_positive', 'Молодая жена пересолила ужин для гостей.'),
  (114, 'discounting_positive', 'Тренер по йоге забыла план занятия для новой группы.'),
  (115, 'discounting_positive', 'Юрист не заметил опечатку в договоре.'),
  (116, 'discounting_positive', 'Дедушка не смог настроить видеозвонок с внуками.'),
  (117, 'discounting_positive', 'Актёр любительского театра забыл реплику на репетиции.'),
  (118, 'discounting_positive', 'Копирайтер сдал текст с фактической неточностью.'),
  (119, 'discounting_positive', 'Волонтёр не успел выполнить часть задач на мероприятии.'),
  (120, 'discounting_positive', 'Садовник по ошибке срезал не те ветки на участке клиента.'),
  (121, 'mind_reading', 'Айтишник 27 лет пропустил дедлайн на день из-за болезни.'),
  (122, 'mind_reading', 'Учительница 45 лет забыла проверить часть тетрадей к уроку.'),
  (123, 'mind_reading', 'Строитель 35 лет допустил перерасход бюджета на объекте.'),
  (124, 'mind_reading', 'Студент-первокурсник не успел подготовиться к семинару.'),
  (125, 'mind_reading', 'Мама троих детей забыла забрать одного из садика вовремя.'),
  (126, 'mind_reading', 'Пенсионерка 68 лет запуталась в новом приложении банка.'),
  (127, 'mind_reading', 'Продавец-консультант не смог решить сложный вопрос клиента.'),
  (128, 'mind_reading', 'Программистка-джун не смогла сама разобраться с багом.'),
  (129, 'mind_reading', 'Отец подростка забыл про родительское собрание.'),
  (130, 'mind_reading', 'Молодой водитель врезался в бордюр на парковке.'),
  (131, 'mind_reading', 'Медсестра перепутала порядок процедур в загруженную смену.'),
  (132, 'mind_reading', 'Фотограф-фрилансер сорвал срок сдачи фотосессии на день.'),
  (133, 'mind_reading', 'Парень 24 лет забыл поздравить друга с днём рождения.'),
  (134, 'mind_reading', 'Женщина 55 лет не смогла испечь пирог по новому рецепту.'),
  (135, 'mind_reading', 'Курьер доставил заказ с опозданием на 40 минут.'),
  (136, 'mind_reading', 'Начинающая художница не продала ни одной картины на ярмарке.'),
  (137, 'mind_reading', 'Инженер предложил решение, которое не одобрил заказчик.'),
  (138, 'mind_reading', 'Девушка на первом свидании неловко пошутила.'),
  (139, 'mind_reading', 'Пожилой мужчина забыл дорогу в знакомом районе.'),
  (140, 'mind_reading', 'Бариста перепутала заказ в час пик.'),
  (141, 'mind_reading', 'HR-менеджер не успела ответить всем кандидатам вовремя.'),
  (142, 'mind_reading', 'Подросток не подготовился как следует к контрольной.'),
  (143, 'mind_reading', 'Молодая жена пересолила ужин для гостей.'),
  (144, 'mind_reading', 'Тренер по йоге забыла план занятия для новой группы.'),
  (145, 'mind_reading', 'Юрист не заметил опечатку в договоре.'),
  (146, 'mind_reading', 'Дедушка не смог настроить видеозвонок с внуками.'),
  (147, 'mind_reading', 'Актёр любительского театра забыл реплику на репетиции.'),
  (148, 'mind_reading', 'Копирайтер сдал текст с фактической неточностью.'),
  (149, 'mind_reading', 'Волонтёр не успел выполнить часть задач на мероприятии.'),
  (150, 'mind_reading', 'Садовник по ошибке срезал не те ветки на участке клиента.'),
  (151, 'fortune_telling', 'Айтишник 27 лет пропустил дедлайн на день из-за болезни.'),
  (152, 'fortune_telling', 'Учительница 45 лет забыла проверить часть тетрадей к уроку.'),
  (153, 'fortune_telling', 'Строитель 35 лет допустил перерасход бюджета на объекте.'),
  (154, 'fortune_telling', 'Студент-первокурсник не успел подготовиться к семинару.'),
  (155, 'fortune_telling', 'Мама троих детей забыла забрать одного из садика вовремя.'),
  (156, 'fortune_telling', 'Пенсионерка 68 лет запуталась в новом приложении банка.'),
  (157, 'fortune_telling', 'Продавец-консультант не смог решить сложный вопрос клиента.'),
  (158, 'fortune_telling', 'Программистка-джун не смогла сама разобраться с багом.'),
  (159, 'fortune_telling', 'Отец подростка забыл про родительское собрание.'),
  (160, 'fortune_telling', 'Молодой водитель врезался в бордюр на парковке.'),
  (161, 'fortune_telling', 'Медсестра перепутала порядок процедур в загруженную смену.'),
  (162, 'fortune_telling', 'Фотограф-фрилансер сорвал срок сдачи фотосессии на день.'),
  (163, 'fortune_telling', 'Парень 24 лет забыл поздравить друга с днём рождения.'),
  (164, 'fortune_telling', 'Женщина 55 лет не смогла испечь пирог по новому рецепту.'),
  (165, 'fortune_telling', 'Курьер доставил заказ с опозданием на 40 минут.'),
  (166, 'fortune_telling', 'Начинающая художница не продала ни одной картины на ярмарке.'),
  (167, 'fortune_telling', 'Инженер предложил решение, которое не одобрил заказчик.'),
  (168, 'fortune_telling', 'Девушка на первом свидании неловко пошутила.'),
  (169, 'fortune_telling', 'Пожилой мужчина забыл дорогу в знакомом районе.'),
  (170, 'fortune_telling', 'Бариста перепутала заказ в час пик.'),
  (171, 'fortune_telling', 'HR-менеджер не успела ответить всем кандидатам вовремя.'),
  (172, 'fortune_telling', 'Подросток не подготовился как следует к контрольной.'),
  (173, 'fortune_telling', 'Молодая жена пересолила ужин для гостей.'),
  (174, 'fortune_telling', 'Тренер по йоге забыла план занятия для новой группы.'),
  (175, 'fortune_telling', 'Юрист не заметил опечатку в договоре.'),
  (176, 'fortune_telling', 'Дедушка не смог настроить видеозвонок с внуками.'),
  (177, 'fortune_telling', 'Актёр любительского театра забыл реплику на репетиции.'),
  (178, 'fortune_telling', 'Копирайтер сдал текст с фактической неточностью.'),
  (179, 'fortune_telling', 'Волонтёр не успел выполнить часть задач на мероприятии.'),
  (180, 'fortune_telling', 'Садовник по ошибке срезал не те ветки на участке клиента.'),
  (181, 'magnification', 'Айтишник 27 лет пропустил дедлайн на день из-за болезни.'),
  (182, 'magnification', 'Учительница 45 лет забыла проверить часть тетрадей к уроку.'),
  (183, 'magnification', 'Строитель 35 лет допустил перерасход бюджета на объекте.'),
  (184, 'magnification', 'Студент-первокурсник не успел подготовиться к семинару.'),
  (185, 'magnification', 'Мама троих детей забыла забрать одного из садика вовремя.'),
  (186, 'magnification', 'Пенсионерка 68 лет запуталась в новом приложении банка.'),
  (187, 'magnification', 'Продавец-консультант не смог решить сложный вопрос клиента.'),
  (188, 'magnification', 'Программистка-джун не смогла сама разобраться с багом.'),
  (189, 'magnification', 'Отец подростка забыл про родительское собрание.'),
  (190, 'magnification', 'Молодой водитель врезался в бордюр на парковке.'),
  (191, 'magnification', 'Медсестра перепутала порядок процедур в загруженную смену.'),
  (192, 'magnification', 'Фотограф-фрилансер сорвал срок сдачи фотосессии на день.'),
  (193, 'magnification', 'Парень 24 лет забыл поздравить друга с днём рождения.'),
  (194, 'magnification', 'Женщина 55 лет не смогла испечь пирог по новому рецепту.'),
  (195, 'magnification', 'Курьер доставил заказ с опозданием на 40 минут.'),
  (196, 'magnification', 'Начинающая художница не продала ни одной картины на ярмарке.'),
  (197, 'magnification', 'Инженер предложил решение, которое не одобрил заказчик.'),
  (198, 'magnification', 'Девушка на первом свидании неловко пошутила.'),
  (199, 'magnification', 'Пожилой мужчина забыл дорогу в знакомом районе.'),
  (200, 'magnification', 'Бариста перепутала заказ в час пик.'),
  (201, 'magnification', 'HR-менеджер не успела ответить всем кандидатам вовремя.'),
  (202, 'magnification', 'Подросток не подготовился как следует к контрольной.'),
  (203, 'magnification', 'Молодая жена пересолила ужин для гостей.'),
  (204, 'magnification', 'Тренер по йоге забыла план занятия для новой группы.'),
  (205, 'magnification', 'Юрист не заметил опечатку в договоре.'),
  (206, 'magnification', 'Дедушка не смог настроить видеозвонок с внуками.'),
  (207, 'magnification', 'Актёр любительского театра забыл реплику на репетиции.'),
  (208, 'magnification', 'Копирайтер сдал текст с фактической неточностью.'),
  (209, 'magnification', 'Волонтёр не успел выполнить часть задач на мероприятии.'),
  (210, 'magnification', 'Садовник по ошибке срезал не те ветки на участке клиента.'),
  (211, 'emotional_reasoning', 'Айтишник 27 лет пропустил дедлайн на день из-за болезни.'),
  (212, 'emotional_reasoning', 'Учительница 45 лет забыла проверить часть тетрадей к уроку.'),
  (213, 'emotional_reasoning', 'Строитель 35 лет допустил перерасход бюджета на объекте.'),
  (214, 'emotional_reasoning', 'Студент-первокурсник не успел подготовиться к семинару.'),
  (215, 'emotional_reasoning', 'Мама троих детей забыла забрать одного из садика вовремя.'),
  (216, 'emotional_reasoning', 'Пенсионерка 68 лет запуталась в новом приложении банка.'),
  (217, 'emotional_reasoning', 'Продавец-консультант не смог решить сложный вопрос клиента.'),
  (218, 'emotional_reasoning', 'Программистка-джун не смогла сама разобраться с багом.'),
  (219, 'emotional_reasoning', 'Отец подростка забыл про родительское собрание.'),
  (220, 'emotional_reasoning', 'Молодой водитель врезался в бордюр на парковке.'),
  (221, 'emotional_reasoning', 'Медсестра перепутала порядок процедур в загруженную смену.'),
  (222, 'emotional_reasoning', 'Фотограф-фрилансер сорвал срок сдачи фотосессии на день.'),
  (223, 'emotional_reasoning', 'Парень 24 лет забыл поздравить друга с днём рождения.'),
  (224, 'emotional_reasoning', 'Женщина 55 лет не смогла испечь пирог по новому рецепту.'),
  (225, 'emotional_reasoning', 'Курьер доставил заказ с опозданием на 40 минут.'),
  (226, 'emotional_reasoning', 'Начинающая художница не продала ни одной картины на ярмарке.'),
  (227, 'emotional_reasoning', 'Инженер предложил решение, которое не одобрил заказчик.'),
  (228, 'emotional_reasoning', 'Девушка на первом свидании неловко пошутила.'),
  (229, 'emotional_reasoning', 'Пожилой мужчина забыл дорогу в знакомом районе.'),
  (230, 'emotional_reasoning', 'Бариста перепутала заказ в час пик.'),
  (231, 'emotional_reasoning', 'HR-менеджер не успела ответить всем кандидатам вовремя.'),
  (232, 'emotional_reasoning', 'Подросток не подготовился как следует к контрольной.'),
  (233, 'emotional_reasoning', 'Молодая жена пересолила ужин для гостей.'),
  (234, 'emotional_reasoning', 'Тренер по йоге забыла план занятия для новой группы.'),
  (235, 'emotional_reasoning', 'Юрист не заметил опечатку в договоре.'),
  (236, 'emotional_reasoning', 'Дедушка не смог настроить видеозвонок с внуками.'),
  (237, 'emotional_reasoning', 'Актёр любительского театра забыл реплику на репетиции.'),
  (238, 'emotional_reasoning', 'Копирайтер сдал текст с фактической неточностью.'),
  (239, 'emotional_reasoning', 'Волонтёр не успел выполнить часть задач на мероприятии.'),
  (240, 'emotional_reasoning', 'Садовник по ошибке срезал не те ветки на участке клиента.'),
  (241, 'should_statements', 'Айтишник 27 лет пропустил дедлайн на день из-за болезни.'),
  (242, 'should_statements', 'Учительница 45 лет забыла проверить часть тетрадей к уроку.'),
  (243, 'should_statements', 'Строитель 35 лет допустил перерасход бюджета на объекте.'),
  (244, 'should_statements', 'Студент-первокурсник не успел подготовиться к семинару.'),
  (245, 'should_statements', 'Мама троих детей забыла забрать одного из садика вовремя.'),
  (246, 'should_statements', 'Пенсионерка 68 лет запуталась в новом приложении банка.'),
  (247, 'should_statements', 'Продавец-консультант не смог решить сложный вопрос клиента.'),
  (248, 'should_statements', 'Программистка-джун не смогла сама разобраться с багом.'),
  (249, 'should_statements', 'Отец подростка забыл про родительское собрание.'),
  (250, 'should_statements', 'Молодой водитель врезался в бордюр на парковке.'),
  (251, 'should_statements', 'Медсестра перепутала порядок процедур в загруженную смену.'),
  (252, 'should_statements', 'Фотограф-фрилансер сорвал срок сдачи фотосессии на день.'),
  (253, 'should_statements', 'Парень 24 лет забыл поздравить друга с днём рождения.'),
  (254, 'should_statements', 'Женщина 55 лет не смогла испечь пирог по новому рецепту.'),
  (255, 'should_statements', 'Курьер доставил заказ с опозданием на 40 минут.'),
  (256, 'should_statements', 'Начинающая художница не продала ни одной картины на ярмарке.'),
  (257, 'should_statements', 'Инженер предложил решение, которое не одобрил заказчик.'),
  (258, 'should_statements', 'Девушка на первом свидании неловко пошутила.'),
  (259, 'should_statements', 'Пожилой мужчина забыл дорогу в знакомом районе.'),
  (260, 'should_statements', 'Бариста перепутала заказ в час пик.'),
  (261, 'should_statements', 'HR-менеджер не успела ответить всем кандидатам вовремя.'),
  (262, 'should_statements', 'Подросток не подготовился как следует к контрольной.'),
  (263, 'should_statements', 'Молодая жена пересолила ужин для гостей.'),
  (264, 'should_statements', 'Тренер по йоге забыла план занятия для новой группы.'),
  (265, 'should_statements', 'Юрист не заметил опечатку в договоре.'),
  (266, 'should_statements', 'Дедушка не смог настроить видеозвонок с внуками.'),
  (267, 'should_statements', 'Актёр любительского театра забыл реплику на репетиции.'),
  (268, 'should_statements', 'Копирайтер сдал текст с фактической неточностью.'),
  (269, 'should_statements', 'Волонтёр не успел выполнить часть задач на мероприятии.'),
  (270, 'should_statements', 'Садовник по ошибке срезал не те ветки на участке клиента.'),
  (271, 'labeling', 'Айтишник 27 лет пропустил дедлайн на день из-за болезни.'),
  (272, 'labeling', 'Учительница 45 лет забыла проверить часть тетрадей к уроку.'),
  (273, 'labeling', 'Строитель 35 лет допустил перерасход бюджета на объекте.'),
  (274, 'labeling', 'Студент-первокурсник не успел подготовиться к семинару.'),
  (275, 'labeling', 'Мама троих детей забыла забрать одного из садика вовремя.'),
  (276, 'labeling', 'Пенсионерка 68 лет запуталась в новом приложении банка.'),
  (277, 'labeling', 'Продавец-консультант не смог решить сложный вопрос клиента.'),
  (278, 'labeling', 'Программистка-джун не смогла сама разобраться с багом.'),
  (279, 'labeling', 'Отец подростка забыл про родительское собрание.'),
  (280, 'labeling', 'Молодой водитель врезался в бордюр на парковке.'),
  (281, 'labeling', 'Медсестра перепутала порядок процедур в загруженную смену.'),
  (282, 'labeling', 'Фотограф-фрилансер сорвал срок сдачи фотосессии на день.'),
  (283, 'labeling', 'Парень 24 лет забыл поздравить друга с днём рождения.'),
  (284, 'labeling', 'Женщина 55 лет не смогла испечь пирог по новому рецепту.'),
  (285, 'labeling', 'Курьер доставил заказ с опозданием на 40 минут.'),
  (286, 'labeling', 'Начинающая художница не продала ни одной картины на ярмарке.'),
  (287, 'labeling', 'Инженер предложил решение, которое не одобрил заказчик.'),
  (288, 'labeling', 'Девушка на первом свидании неловко пошутила.'),
  (289, 'labeling', 'Пожилой мужчина забыл дорогу в знакомом районе.'),
  (290, 'labeling', 'Бариста перепутала заказ в час пик.'),
  (291, 'labeling', 'HR-менеджер не успела ответить всем кандидатам вовремя.'),
  (292, 'labeling', 'Подросток не подготовился как следует к контрольной.'),
  (293, 'labeling', 'Молодая жена пересолила ужин для гостей.'),
  (294, 'labeling', 'Тренер по йоге забыла план занятия для новой группы.'),
  (295, 'labeling', 'Юрист не заметил опечатку в договоре.'),
  (296, 'labeling', 'Дедушка не смог настроить видеозвонок с внуками.'),
  (297, 'labeling', 'Актёр любительского театра забыл реплику на репетиции.'),
  (298, 'labeling', 'Копирайтер сдал текст с фактической неточностью.'),
  (299, 'labeling', 'Волонтёр не успел выполнить часть задач на мероприятии.'),
  (300, 'labeling', 'Садовник по ошибке срезал не те ветки на участке клиента.'),
  (301, 'personalization', 'Айтишник 27 лет пропустил дедлайн на день из-за болезни.'),
  (302, 'personalization', 'Учительница 45 лет забыла проверить часть тетрадей к уроку.'),
  (303, 'personalization', 'Строитель 35 лет допустил перерасход бюджета на объекте.'),
  (304, 'personalization', 'Студент-первокурсник не успел подготовиться к семинару.'),
  (305, 'personalization', 'Мама троих детей забыла забрать одного из садика вовремя.'),
  (306, 'personalization', 'Пенсионерка 68 лет запуталась в новом приложении банка.'),
  (307, 'personalization', 'Продавец-консультант не смог решить сложный вопрос клиента.'),
  (308, 'personalization', 'Программистка-джун не смогла сама разобраться с багом.'),
  (309, 'personalization', 'Отец подростка забыл про родительское собрание.'),
  (310, 'personalization', 'Молодой водитель врезался в бордюр на парковке.'),
  (311, 'personalization', 'Медсестра перепутала порядок процедур в загруженную смену.'),
  (312, 'personalization', 'Фотограф-фрилансер сорвал срок сдачи фотосессии на день.'),
  (313, 'personalization', 'Парень 24 лет забыл поздравить друга с днём рождения.'),
  (314, 'personalization', 'Женщина 55 лет не смогла испечь пирог по новому рецепту.'),
  (315, 'personalization', 'Курьер доставил заказ с опозданием на 40 минут.'),
  (316, 'personalization', 'Начинающая художница не продала ни одной картины на ярмарке.'),
  (317, 'personalization', 'Инженер предложил решение, которое не одобрил заказчик.'),
  (318, 'personalization', 'Девушка на первом свидании неловко пошутила.'),
  (319, 'personalization', 'Пожилой мужчина забыл дорогу в знакомом районе.'),
  (320, 'personalization', 'Бариста перепутала заказ в час пик.'),
  (321, 'personalization', 'HR-менеджер не успела ответить всем кандидатам вовремя.'),
  (322, 'personalization', 'Подросток не подготовился как следует к контрольной.'),
  (323, 'personalization', 'Молодая жена пересолила ужин для гостей.'),
  (324, 'personalization', 'Тренер по йоге забыла план занятия для новой группы.'),
  (325, 'personalization', 'Юрист не заметил опечатку в договоре.'),
  (326, 'personalization', 'Дедушка не смог настроить видеозвонок с внуками.'),
  (327, 'personalization', 'Актёр любительского театра забыл реплику на репетиции.'),
  (328, 'personalization', 'Копирайтер сдал текст с фактической неточностью.'),
  (329, 'personalization', 'Волонтёр не успел выполнить часть задач на мероприятии.'),
  (330, 'personalization', 'Садовник по ошибке срезал не те ветки на участке клиента.');

SELECT setval(pg_get_serial_sequence('distortion_situations', 'id'), (SELECT MAX(id) FROM distortion_situations));

INSERT INTO distortion_options (id, situation_id, option_text, score) VALUES
  (1, 1, 'Это единичная промашка, а не показатель того, что всё остальное тоже плохо.', 2),
  (2, 1, 'Ладно, не критично, но всё равно кажется, что я не дотянул до нужного уровня.', 1),
  (3, 1, 'Раз не идеально — значит, всё остальное тоже ничего не стоит.', 0),
  (4, 2, 'Один неидеальный момент не перечёркивает всё, что было сделано хорошо.', 2),
  (5, 2, 'Вроде не так уж плохо, но осадок остаётся — будто могло быть куда лучше.', 1),
  (6, 2, 'Это полный провал, ничего хорошего в этом нет.', 0),
  (7, 3, 'Есть недочёт, но в целом результат нормальный — это не провал целиком.', 2),
  (8, 3, 'Наверное, это не конец света, но ощущение, что я подвёл, никуда не делось.', 1),
  (9, 3, 'Если не получилось на все сто — можно было вообще не начинать.', 0),
  (10, 4, 'Можно признать ошибку, не скатываясь в мысль, что всё пропало.', 2),
  (11, 4, 'Формально не катастрофа, но всё равно чувствую себя недостаточно хорошим.', 1),
  (12, 4, 'Одна ошибка обесценивает вообще всё, что было сделано.', 0),
  (13, 5, 'Это единичная промашка, а не показатель того, что всё остальное тоже плохо.', 2),
  (14, 5, 'Ладно, не критично, но всё равно кажется, что я не дотянул до нужного уровня.', 1),
  (15, 5, 'Раз не идеально — значит, всё остальное тоже ничего не стоит.', 0),
  (16, 6, 'Один неидеальный момент не перечёркивает всё, что было сделано хорошо.', 2),
  (17, 6, 'Вроде не так уж плохо, но осадок остаётся — будто могло быть куда лучше.', 1),
  (18, 6, 'Это полный провал, ничего хорошего в этом нет.', 0),
  (19, 7, 'Есть недочёт, но в целом результат нормальный — это не провал целиком.', 2),
  (20, 7, 'Наверное, это не конец света, но ощущение, что я подвёл, никуда не делось.', 1),
  (21, 7, 'Если не получилось на все сто — можно было вообще не начинать.', 0),
  (22, 8, 'Можно признать ошибку, не скатываясь в мысль, что всё пропало.', 2),
  (23, 8, 'Формально не катастрофа, но всё равно чувствую себя недостаточно хорошим.', 1),
  (24, 8, 'Одна ошибка обесценивает вообще всё, что было сделано.', 0),
  (25, 9, 'Это единичная промашка, а не показатель того, что всё остальное тоже плохо.', 2),
  (26, 9, 'Ладно, не критично, но всё равно кажется, что я не дотянул до нужного уровня.', 1),
  (27, 9, 'Раз не идеально — значит, всё остальное тоже ничего не стоит.', 0),
  (28, 10, 'Один неидеальный момент не перечёркивает всё, что было сделано хорошо.', 2),
  (29, 10, 'Вроде не так уж плохо, но осадок остаётся — будто могло быть куда лучше.', 1),
  (30, 10, 'Это полный провал, ничего хорошего в этом нет.', 0),
  (31, 11, 'Есть недочёт, но в целом результат нормальный — это не провал целиком.', 2),
  (32, 11, 'Наверное, это не конец света, но ощущение, что я подвёл, никуда не делось.', 1),
  (33, 11, 'Если не получилось на все сто — можно было вообще не начинать.', 0),
  (34, 12, 'Можно признать ошибку, не скатываясь в мысль, что всё пропало.', 2),
  (35, 12, 'Формально не катастрофа, но всё равно чувствую себя недостаточно хорошим.', 1),
  (36, 12, 'Одна ошибка обесценивает вообще всё, что было сделано.', 0),
  (37, 13, 'Это единичная промашка, а не показатель того, что всё остальное тоже плохо.', 2),
  (38, 13, 'Ладно, не критично, но всё равно кажется, что я не дотянул до нужного уровня.', 1),
  (39, 13, 'Раз не идеально — значит, всё остальное тоже ничего не стоит.', 0),
  (40, 14, 'Один неидеальный момент не перечёркивает всё, что было сделано хорошо.', 2),
  (41, 14, 'Вроде не так уж плохо, но осадок остаётся — будто могло быть куда лучше.', 1),
  (42, 14, 'Это полный провал, ничего хорошего в этом нет.', 0),
  (43, 15, 'Есть недочёт, но в целом результат нормальный — это не провал целиком.', 2),
  (44, 15, 'Наверное, это не конец света, но ощущение, что я подвёл, никуда не делось.', 1),
  (45, 15, 'Если не получилось на все сто — можно было вообще не начинать.', 0),
  (46, 16, 'Можно признать ошибку, не скатываясь в мысль, что всё пропало.', 2),
  (47, 16, 'Формально не катастрофа, но всё равно чувствую себя недостаточно хорошим.', 1),
  (48, 16, 'Одна ошибка обесценивает вообще всё, что было сделано.', 0),
  (49, 17, 'Это единичная промашка, а не показатель того, что всё остальное тоже плохо.', 2),
  (50, 17, 'Ладно, не критично, но всё равно кажется, что я не дотянул до нужного уровня.', 1),
  (51, 17, 'Раз не идеально — значит, всё остальное тоже ничего не стоит.', 0),
  (52, 18, 'Один неидеальный момент не перечёркивает всё, что было сделано хорошо.', 2),
  (53, 18, 'Вроде не так уж плохо, но осадок остаётся — будто могло быть куда лучше.', 1),
  (54, 18, 'Это полный провал, ничего хорошего в этом нет.', 0),
  (55, 19, 'Есть недочёт, но в целом результат нормальный — это не провал целиком.', 2),
  (56, 19, 'Наверное, это не конец света, но ощущение, что я подвёл, никуда не делось.', 1),
  (57, 19, 'Если не получилось на все сто — можно было вообще не начинать.', 0),
  (58, 20, 'Можно признать ошибку, не скатываясь в мысль, что всё пропало.', 2),
  (59, 20, 'Формально не катастрофа, но всё равно чувствую себя недостаточно хорошим.', 1),
  (60, 20, 'Одна ошибка обесценивает вообще всё, что было сделано.', 0),
  (61, 21, 'Это единичная промашка, а не показатель того, что всё остальное тоже плохо.', 2),
  (62, 21, 'Ладно, не критично, но всё равно кажется, что я не дотянул до нужного уровня.', 1),
  (63, 21, 'Раз не идеально — значит, всё остальное тоже ничего не стоит.', 0),
  (64, 22, 'Один неидеальный момент не перечёркивает всё, что было сделано хорошо.', 2),
  (65, 22, 'Вроде не так уж плохо, но осадок остаётся — будто могло быть куда лучше.', 1),
  (66, 22, 'Это полный провал, ничего хорошего в этом нет.', 0),
  (67, 23, 'Есть недочёт, но в целом результат нормальный — это не провал целиком.', 2),
  (68, 23, 'Наверное, это не конец света, но ощущение, что я подвёл, никуда не делось.', 1),
  (69, 23, 'Если не получилось на все сто — можно было вообще не начинать.', 0),
  (70, 24, 'Можно признать ошибку, не скатываясь в мысль, что всё пропало.', 2),
  (71, 24, 'Формально не катастрофа, но всё равно чувствую себя недостаточно хорошим.', 1),
  (72, 24, 'Одна ошибка обесценивает вообще всё, что было сделано.', 0),
  (73, 25, 'Это единичная промашка, а не показатель того, что всё остальное тоже плохо.', 2),
  (74, 25, 'Ладно, не критично, но всё равно кажется, что я не дотянул до нужного уровня.', 1),
  (75, 25, 'Раз не идеально — значит, всё остальное тоже ничего не стоит.', 0),
  (76, 26, 'Один неидеальный момент не перечёркивает всё, что было сделано хорошо.', 2),
  (77, 26, 'Вроде не так уж плохо, но осадок остаётся — будто могло быть куда лучше.', 1),
  (78, 26, 'Это полный провал, ничего хорошего в этом нет.', 0),
  (79, 27, 'Есть недочёт, но в целом результат нормальный — это не провал целиком.', 2),
  (80, 27, 'Наверное, это не конец света, но ощущение, что я подвёл, никуда не делось.', 1),
  (81, 27, 'Если не получилось на все сто — можно было вообще не начинать.', 0),
  (82, 28, 'Можно признать ошибку, не скатываясь в мысль, что всё пропало.', 2),
  (83, 28, 'Формально не катастрофа, но всё равно чувствую себя недостаточно хорошим.', 1),
  (84, 28, 'Одна ошибка обесценивает вообще всё, что было сделано.', 0),
  (85, 29, 'Это единичная промашка, а не показатель того, что всё остальное тоже плохо.', 2),
  (86, 29, 'Ладно, не критично, но всё равно кажется, что я не дотянул до нужного уровня.', 1),
  (87, 29, 'Раз не идеально — значит, всё остальное тоже ничего не стоит.', 0),
  (88, 30, 'Один неидеальный момент не перечёркивает всё, что было сделано хорошо.', 2),
  (89, 30, 'Вроде не так уж плохо, но осадок остаётся — будто могло быть куда лучше.', 1),
  (90, 30, 'Это полный провал, ничего хорошего в этом нет.', 0),
  (91, 31, 'Это один конкретный случай — не значит, что так будет происходить всегда.', 2),
  (92, 31, 'Может, это и разовая история, но в последнее время что-то подобное случается чаще обычного.', 1),
  (93, 31, 'Так будет всегда, ничего не изменится.', 0),
  (94, 32, 'Единичная ситуация ещё не образует закономерность.', 2),
  (95, 32, 'Наверное, совпадение, но всё же тревожит, что это не в первый раз.', 1),
  (96, 32, 'Это в очередной раз доказывает, что у меня вечно так.', 0),
  (97, 33, 'Сейчас так получилось, но это не повод переносить это на всё подряд.', 2),
  (98, 33, 'Скорее всего, ничего не значит, но вопрос всё же закрадывается.', 1),
  (99, 33, 'Раз это уже не первый раз — значит, это про меня в целом.', 0),
  (100, 34, 'Один раз — это просто один раз, а не правило.', 2),
  (101, 34, 'Возможно, единичный случай, но осадок остаётся надолго.', 1),
  (102, 34, 'Похоже, это неизбежный, постоянный паттерн, из которого не выбраться.', 0),
  (103, 35, 'Это один конкретный случай — не значит, что так будет происходить всегда.', 2),
  (104, 35, 'Может, это и разовая история, но в последнее время что-то подобное случается чаще обычного.', 1),
  (105, 35, 'Так будет всегда, ничего не изменится.', 0),
  (106, 36, 'Единичная ситуация ещё не образует закономерность.', 2),
  (107, 36, 'Наверное, совпадение, но всё же тревожит, что это не в первый раз.', 1),
  (108, 36, 'Это в очередной раз доказывает, что у меня вечно так.', 0),
  (109, 37, 'Сейчас так получилось, но это не повод переносить это на всё подряд.', 2),
  (110, 37, 'Скорее всего, ничего не значит, но вопрос всё же закрадывается.', 1),
  (111, 37, 'Раз это уже не первый раз — значит, это про меня в целом.', 0),
  (112, 38, 'Один раз — это просто один раз, а не правило.', 2),
  (113, 38, 'Возможно, единичный случай, но осадок остаётся надолго.', 1),
  (114, 38, 'Похоже, это неизбежный, постоянный паттерн, из которого не выбраться.', 0),
  (115, 39, 'Это один конкретный случай — не значит, что так будет происходить всегда.', 2),
  (116, 39, 'Может, это и разовая история, но в последнее время что-то подобное случается чаще обычного.', 1),
  (117, 39, 'Так будет всегда, ничего не изменится.', 0),
  (118, 40, 'Единичная ситуация ещё не образует закономерность.', 2),
  (119, 40, 'Наверное, совпадение, но всё же тревожит, что это не в первый раз.', 1),
  (120, 40, 'Это в очередной раз доказывает, что у меня вечно так.', 0),
  (121, 41, 'Сейчас так получилось, но это не повод переносить это на всё подряд.', 2),
  (122, 41, 'Скорее всего, ничего не значит, но вопрос всё же закрадывается.', 1),
  (123, 41, 'Раз это уже не первый раз — значит, это про меня в целом.', 0),
  (124, 42, 'Один раз — это просто один раз, а не правило.', 2),
  (125, 42, 'Возможно, единичный случай, но осадок остаётся надолго.', 1),
  (126, 42, 'Похоже, это неизбежный, постоянный паттерн, из которого не выбраться.', 0),
  (127, 43, 'Это один конкретный случай — не значит, что так будет происходить всегда.', 2),
  (128, 43, 'Может, это и разовая история, но в последнее время что-то подобное случается чаще обычного.', 1),
  (129, 43, 'Так будет всегда, ничего не изменится.', 0),
  (130, 44, 'Единичная ситуация ещё не образует закономерность.', 2),
  (131, 44, 'Наверное, совпадение, но всё же тревожит, что это не в первый раз.', 1),
  (132, 44, 'Это в очередной раз доказывает, что у меня вечно так.', 0),
  (133, 45, 'Сейчас так получилось, но это не повод переносить это на всё подряд.', 2),
  (134, 45, 'Скорее всего, ничего не значит, но вопрос всё же закрадывается.', 1),
  (135, 45, 'Раз это уже не первый раз — значит, это про меня в целом.', 0),
  (136, 46, 'Один раз — это просто один раз, а не правило.', 2),
  (137, 46, 'Возможно, единичный случай, но осадок остаётся надолго.', 1),
  (138, 46, 'Похоже, это неизбежный, постоянный паттерн, из которого не выбраться.', 0),
  (139, 47, 'Это один конкретный случай — не значит, что так будет происходить всегда.', 2),
  (140, 47, 'Может, это и разовая история, но в последнее время что-то подобное случается чаще обычного.', 1),
  (141, 47, 'Так будет всегда, ничего не изменится.', 0),
  (142, 48, 'Единичная ситуация ещё не образует закономерность.', 2),
  (143, 48, 'Наверное, совпадение, но всё же тревожит, что это не в первый раз.', 1),
  (144, 48, 'Это в очередной раз доказывает, что у меня вечно так.', 0),
  (145, 49, 'Сейчас так получилось, но это не повод переносить это на всё подряд.', 2),
  (146, 49, 'Скорее всего, ничего не значит, но вопрос всё же закрадывается.', 1),
  (147, 49, 'Раз это уже не первый раз — значит, это про меня в целом.', 0),
  (148, 50, 'Один раз — это просто один раз, а не правило.', 2),
  (149, 50, 'Возможно, единичный случай, но осадок остаётся надолго.', 1),
  (150, 50, 'Похоже, это неизбежный, постоянный паттерн, из которого не выбраться.', 0),
  (151, 51, 'Это один конкретный случай — не значит, что так будет происходить всегда.', 2),
  (152, 51, 'Может, это и разовая история, но в последнее время что-то подобное случается чаще обычного.', 1),
  (153, 51, 'Так будет всегда, ничего не изменится.', 0),
  (154, 52, 'Единичная ситуация ещё не образует закономерность.', 2),
  (155, 52, 'Наверное, совпадение, но всё же тревожит, что это не в первый раз.', 1),
  (156, 52, 'Это в очередной раз доказывает, что у меня вечно так.', 0),
  (157, 53, 'Сейчас так получилось, но это не повод переносить это на всё подряд.', 2),
  (158, 53, 'Скорее всего, ничего не значит, но вопрос всё же закрадывается.', 1),
  (159, 53, 'Раз это уже не первый раз — значит, это про меня в целом.', 0),
  (160, 54, 'Один раз — это просто один раз, а не правило.', 2),
  (161, 54, 'Возможно, единичный случай, но осадок остаётся надолго.', 1),
  (162, 54, 'Похоже, это неизбежный, постоянный паттерн, из которого не выбраться.', 0),
  (163, 55, 'Это один конкретный случай — не значит, что так будет происходить всегда.', 2),
  (164, 55, 'Может, это и разовая история, но в последнее время что-то подобное случается чаще обычного.', 1),
  (165, 55, 'Так будет всегда, ничего не изменится.', 0),
  (166, 56, 'Единичная ситуация ещё не образует закономерность.', 2),
  (167, 56, 'Наверное, совпадение, но всё же тревожит, что это не в первый раз.', 1),
  (168, 56, 'Это в очередной раз доказывает, что у меня вечно так.', 0),
  (169, 57, 'Сейчас так получилось, но это не повод переносить это на всё подряд.', 2),
  (170, 57, 'Скорее всего, ничего не значит, но вопрос всё же закрадывается.', 1),
  (171, 57, 'Раз это уже не первый раз — значит, это про меня в целом.', 0),
  (172, 58, 'Один раз — это просто один раз, а не правило.', 2),
  (173, 58, 'Возможно, единичный случай, но осадок остаётся надолго.', 1),
  (174, 58, 'Похоже, это неизбежный, постоянный паттерн, из которого не выбраться.', 0),
  (175, 59, 'Это один конкретный случай — не значит, что так будет происходить всегда.', 2),
  (176, 59, 'Может, это и разовая история, но в последнее время что-то подобное случается чаще обычного.', 1),
  (177, 59, 'Так будет всегда, ничего не изменится.', 0),
  (178, 60, 'Единичная ситуация ещё не образует закономерность.', 2),
  (179, 60, 'Наверное, совпадение, но всё же тревожит, что это не в первый раз.', 1),
  (180, 60, 'Это в очередной раз доказывает, что у меня вечно так.', 0),
  (181, 61, 'В целом всё прошло хорошо, а этот момент — лишь небольшая деталь на общем фоне.', 2),
  (182, 61, 'Вроде бы всё было неплохо, но этот момент всё равно не отпускает.', 1),
  (183, 61, 'Всё было плохо, ничего хорошего в этом не было.', 0),
  (184, 62, 'Хорошего было заметно больше, стоит помнить и про это тоже.', 2),
  (185, 62, 'Хорошего было больше, но почему-то в голове крутится именно неудачный кусок.', 1),
  (186, 62, 'Только и осталось в памяти, что этот провальный момент — остальное будто не считается.', 0),
  (187, 63, 'Один минус не перекрывает всё остальное, что получилось нормально.', 2),
  (188, 63, 'Умом понимаю, что день был нормальным, но настроение всё равно испортилось из-за одного эпизода.', 1),
  (189, 63, 'Из-за одной детали кажется, что весь день/вся ситуация были испорчены.', 0),
  (190, 64, 'Общая картина скорее позитивная, несмотря на этот отдельный эпизод.', 2),
  (191, 64, 'Ладно, объективно ничего страшного, но фокус почему-то всё время соскальзывает именно туда.', 1),
  (192, 64, 'Хорошее просто не идёт в расчёт, когда есть что-то плохое.', 0),
  (193, 65, 'В целом всё прошло хорошо, а этот момент — лишь небольшая деталь на общем фоне.', 2),
  (194, 65, 'Вроде бы всё было неплохо, но этот момент всё равно не отпускает.', 1),
  (195, 65, 'Всё было плохо, ничего хорошего в этом не было.', 0),
  (196, 66, 'Хорошего было заметно больше, стоит помнить и про это тоже.', 2),
  (197, 66, 'Хорошего было больше, но почему-то в голове крутится именно неудачный кусок.', 1),
  (198, 66, 'Только и осталось в памяти, что этот провальный момент — остальное будто не считается.', 0),
  (199, 67, 'Один минус не перекрывает всё остальное, что получилось нормально.', 2),
  (200, 67, 'Умом понимаю, что день был нормальным, но настроение всё равно испортилось из-за одного эпизода.', 1),
  (201, 67, 'Из-за одной детали кажется, что весь день/вся ситуация были испорчены.', 0),
  (202, 68, 'Общая картина скорее позитивная, несмотря на этот отдельный эпизод.', 2),
  (203, 68, 'Ладно, объективно ничего страшного, но фокус почему-то всё время соскальзывает именно туда.', 1),
  (204, 68, 'Хорошее просто не идёт в расчёт, когда есть что-то плохое.', 0),
  (205, 69, 'В целом всё прошло хорошо, а этот момент — лишь небольшая деталь на общем фоне.', 2),
  (206, 69, 'Вроде бы всё было неплохо, но этот момент всё равно не отпускает.', 1),
  (207, 69, 'Всё было плохо, ничего хорошего в этом не было.', 0),
  (208, 70, 'Хорошего было заметно больше, стоит помнить и про это тоже.', 2),
  (209, 70, 'Хорошего было больше, но почему-то в голове крутится именно неудачный кусок.', 1),
  (210, 70, 'Только и осталось в памяти, что этот провальный момент — остальное будто не считается.', 0),
  (211, 71, 'Один минус не перекрывает всё остальное, что получилось нормально.', 2),
  (212, 71, 'Умом понимаю, что день был нормальным, но настроение всё равно испортилось из-за одного эпизода.', 1),
  (213, 71, 'Из-за одной детали кажется, что весь день/вся ситуация были испорчены.', 0),
  (214, 72, 'Общая картина скорее позитивная, несмотря на этот отдельный эпизод.', 2),
  (215, 72, 'Ладно, объективно ничего страшного, но фокус почему-то всё время соскальзывает именно туда.', 1),
  (216, 72, 'Хорошее просто не идёт в расчёт, когда есть что-то плохое.', 0),
  (217, 73, 'В целом всё прошло хорошо, а этот момент — лишь небольшая деталь на общем фоне.', 2),
  (218, 73, 'Вроде бы всё было неплохо, но этот момент всё равно не отпускает.', 1),
  (219, 73, 'Всё было плохо, ничего хорошего в этом не было.', 0),
  (220, 74, 'Хорошего было заметно больше, стоит помнить и про это тоже.', 2),
  (221, 74, 'Хорошего было больше, но почему-то в голове крутится именно неудачный кусок.', 1),
  (222, 74, 'Только и осталось в памяти, что этот провальный момент — остальное будто не считается.', 0),
  (223, 75, 'Один минус не перекрывает всё остальное, что получилось нормально.', 2),
  (224, 75, 'Умом понимаю, что день был нормальным, но настроение всё равно испортилось из-за одного эпизода.', 1),
  (225, 75, 'Из-за одной детали кажется, что весь день/вся ситуация были испорчены.', 0),
  (226, 76, 'Общая картина скорее позитивная, несмотря на этот отдельный эпизод.', 2),
  (227, 76, 'Ладно, объективно ничего страшного, но фокус почему-то всё время соскальзывает именно туда.', 1),
  (228, 76, 'Хорошее просто не идёт в расчёт, когда есть что-то плохое.', 0),
  (229, 77, 'В целом всё прошло хорошо, а этот момент — лишь небольшая деталь на общем фоне.', 2),
  (230, 77, 'Вроде бы всё было неплохо, но этот момент всё равно не отпускает.', 1),
  (231, 77, 'Всё было плохо, ничего хорошего в этом не было.', 0),
  (232, 78, 'Хорошего было заметно больше, стоит помнить и про это тоже.', 2),
  (233, 78, 'Хорошего было больше, но почему-то в голове крутится именно неудачный кусок.', 1),
  (234, 78, 'Только и осталось в памяти, что этот провальный момент — остальное будто не считается.', 0),
  (235, 79, 'Один минус не перекрывает всё остальное, что получилось нормально.', 2),
  (236, 79, 'Умом понимаю, что день был нормальным, но настроение всё равно испортилось из-за одного эпизода.', 1),
  (237, 79, 'Из-за одной детали кажется, что весь день/вся ситуация были испорчены.', 0),
  (238, 80, 'Общая картина скорее позитивная, несмотря на этот отдельный эпизод.', 2),
  (239, 80, 'Ладно, объективно ничего страшного, но фокус почему-то всё время соскальзывает именно туда.', 1),
  (240, 80, 'Хорошее просто не идёт в расчёт, когда есть что-то плохое.', 0),
  (241, 81, 'В целом всё прошло хорошо, а этот момент — лишь небольшая деталь на общем фоне.', 2),
  (242, 81, 'Вроде бы всё было неплохо, но этот момент всё равно не отпускает.', 1),
  (243, 81, 'Всё было плохо, ничего хорошего в этом не было.', 0),
  (244, 82, 'Хорошего было заметно больше, стоит помнить и про это тоже.', 2),
  (245, 82, 'Хорошего было больше, но почему-то в голове крутится именно неудачный кусок.', 1),
  (246, 82, 'Только и осталось в памяти, что этот провальный момент — остальное будто не считается.', 0),
  (247, 83, 'Один минус не перекрывает всё остальное, что получилось нормально.', 2),
  (248, 83, 'Умом понимаю, что день был нормальным, но настроение всё равно испортилось из-за одного эпизода.', 1),
  (249, 83, 'Из-за одной детали кажется, что весь день/вся ситуация были испорчены.', 0),
  (250, 84, 'Общая картина скорее позитивная, несмотря на этот отдельный эпизод.', 2),
  (251, 84, 'Ладно, объективно ничего страшного, но фокус почему-то всё время соскальзывает именно туда.', 1),
  (252, 84, 'Хорошее просто не идёт в расчёт, когда есть что-то плохое.', 0),
  (253, 85, 'В целом всё прошло хорошо, а этот момент — лишь небольшая деталь на общем фоне.', 2),
  (254, 85, 'Вроде бы всё было неплохо, но этот момент всё равно не отпускает.', 1),
  (255, 85, 'Всё было плохо, ничего хорошего в этом не было.', 0),
  (256, 86, 'Хорошего было заметно больше, стоит помнить и про это тоже.', 2),
  (257, 86, 'Хорошего было больше, но почему-то в голове крутится именно неудачный кусок.', 1),
  (258, 86, 'Только и осталось в памяти, что этот провальный момент — остальное будто не считается.', 0),
  (259, 87, 'Один минус не перекрывает всё остальное, что получилось нормально.', 2),
  (260, 87, 'Умом понимаю, что день был нормальным, но настроение всё равно испортилось из-за одного эпизода.', 1),
  (261, 87, 'Из-за одной детали кажется, что весь день/вся ситуация были испорчены.', 0),
  (262, 88, 'Общая картина скорее позитивная, несмотря на этот отдельный эпизод.', 2),
  (263, 88, 'Ладно, объективно ничего страшного, но фокус почему-то всё время соскальзывает именно туда.', 1),
  (264, 88, 'Хорошее просто не идёт в расчёт, когда есть что-то плохое.', 0),
  (265, 89, 'В целом всё прошло хорошо, а этот момент — лишь небольшая деталь на общем фоне.', 2),
  (266, 89, 'Вроде бы всё было неплохо, но этот момент всё равно не отпускает.', 1),
  (267, 89, 'Всё было плохо, ничего хорошего в этом не было.', 0),
  (268, 90, 'Хорошего было заметно больше, стоит помнить и про это тоже.', 2),
  (269, 90, 'Хорошего было больше, но почему-то в голове крутится именно неудачный кусок.', 1),
  (270, 90, 'Только и осталось в памяти, что этот провальный момент — остальное будто не считается.', 0),
  (271, 91, 'Это реальный, заслуженный результат — не стоит списывать его на случайность.', 2),
  (272, 91, 'Наверное, это неплохо, но, скорее всего, просто так совпало, не более того.', 1),
  (273, 91, 'Это не считается, на самом деле ничего особенного не произошло.', 0),
  (274, 92, 'Признать хороший момент — нормально, он действительно что-то значит.', 2),
  (275, 92, 'Приятно, конечно, но вряд ли это говорит о чём-то важном.', 1),
  (276, 92, 'Это просто случайность или чья-то вежливость, а не настоящий результат.', 0),
  (277, 93, 'Похвала или удача — не повод сразу искать, почему они на самом деле не считаются.', 2),
  (278, 93, 'Может, и есть в этом моя заслуга, но, кажется, не такая уж большая.', 1),
  (279, 93, 'Любой мог бы так же, тут нет никакой моей заслуги.', 0),
  (280, 94, 'Хорошее тоже часть картины, и его не нужно обесценивать.', 2),
  (281, 94, 'Ладно, что-то хорошее было, но особо радоваться тут вроде нечему.', 1),
  (282, 94, 'Хорошее не в счёт, значение имеет только то, что не получилось.', 0),
  (283, 95, 'Это реальный, заслуженный результат — не стоит списывать его на случайность.', 2),
  (284, 95, 'Наверное, это неплохо, но, скорее всего, просто так совпало, не более того.', 1),
  (285, 95, 'Это не считается, на самом деле ничего особенного не произошло.', 0),
  (286, 96, 'Признать хороший момент — нормально, он действительно что-то значит.', 2),
  (287, 96, 'Приятно, конечно, но вряд ли это говорит о чём-то важном.', 1),
  (288, 96, 'Это просто случайность или чья-то вежливость, а не настоящий результат.', 0),
  (289, 97, 'Похвала или удача — не повод сразу искать, почему они на самом деле не считаются.', 2),
  (290, 97, 'Может, и есть в этом моя заслуга, но, кажется, не такая уж большая.', 1),
  (291, 97, 'Любой мог бы так же, тут нет никакой моей заслуги.', 0),
  (292, 98, 'Хорошее тоже часть картины, и его не нужно обесценивать.', 2),
  (293, 98, 'Ладно, что-то хорошее было, но особо радоваться тут вроде нечему.', 1),
  (294, 98, 'Хорошее не в счёт, значение имеет только то, что не получилось.', 0),
  (295, 99, 'Это реальный, заслуженный результат — не стоит списывать его на случайность.', 2),
  (296, 99, 'Наверное, это неплохо, но, скорее всего, просто так совпало, не более того.', 1),
  (297, 99, 'Это не считается, на самом деле ничего особенного не произошло.', 0),
  (298, 100, 'Признать хороший момент — нормально, он действительно что-то значит.', 2),
  (299, 100, 'Приятно, конечно, но вряд ли это говорит о чём-то важном.', 1),
  (300, 100, 'Это просто случайность или чья-то вежливость, а не настоящий результат.', 0),
  (301, 101, 'Похвала или удача — не повод сразу искать, почему они на самом деле не считаются.', 2),
  (302, 101, 'Может, и есть в этом моя заслуга, но, кажется, не такая уж большая.', 1),
  (303, 101, 'Любой мог бы так же, тут нет никакой моей заслуги.', 0),
  (304, 102, 'Хорошее тоже часть картины, и его не нужно обесценивать.', 2),
  (305, 102, 'Ладно, что-то хорошее было, но особо радоваться тут вроде нечему.', 1),
  (306, 102, 'Хорошее не в счёт, значение имеет только то, что не получилось.', 0),
  (307, 103, 'Это реальный, заслуженный результат — не стоит списывать его на случайность.', 2),
  (308, 103, 'Наверное, это неплохо, но, скорее всего, просто так совпало, не более того.', 1),
  (309, 103, 'Это не считается, на самом деле ничего особенного не произошло.', 0),
  (310, 104, 'Признать хороший момент — нормально, он действительно что-то значит.', 2),
  (311, 104, 'Приятно, конечно, но вряд ли это говорит о чём-то важном.', 1),
  (312, 104, 'Это просто случайность или чья-то вежливость, а не настоящий результат.', 0),
  (313, 105, 'Похвала или удача — не повод сразу искать, почему они на самом деле не считаются.', 2),
  (314, 105, 'Может, и есть в этом моя заслуга, но, кажется, не такая уж большая.', 1),
  (315, 105, 'Любой мог бы так же, тут нет никакой моей заслуги.', 0),
  (316, 106, 'Хорошее тоже часть картины, и его не нужно обесценивать.', 2),
  (317, 106, 'Ладно, что-то хорошее было, но особо радоваться тут вроде нечему.', 1),
  (318, 106, 'Хорошее не в счёт, значение имеет только то, что не получилось.', 0),
  (319, 107, 'Это реальный, заслуженный результат — не стоит списывать его на случайность.', 2),
  (320, 107, 'Наверное, это неплохо, но, скорее всего, просто так совпало, не более того.', 1),
  (321, 107, 'Это не считается, на самом деле ничего особенного не произошло.', 0),
  (322, 108, 'Признать хороший момент — нормально, он действительно что-то значит.', 2),
  (323, 108, 'Приятно, конечно, но вряд ли это говорит о чём-то важном.', 1),
  (324, 108, 'Это просто случайность или чья-то вежливость, а не настоящий результат.', 0),
  (325, 109, 'Похвала или удача — не повод сразу искать, почему они на самом деле не считаются.', 2),
  (326, 109, 'Может, и есть в этом моя заслуга, но, кажется, не такая уж большая.', 1),
  (327, 109, 'Любой мог бы так же, тут нет никакой моей заслуги.', 0),
  (328, 110, 'Хорошее тоже часть картины, и его не нужно обесценивать.', 2),
  (329, 110, 'Ладно, что-то хорошее было, но особо радоваться тут вроде нечему.', 1),
  (330, 110, 'Хорошее не в счёт, значение имеет только то, что не получилось.', 0),
  (331, 111, 'Это реальный, заслуженный результат — не стоит списывать его на случайность.', 2),
  (332, 111, 'Наверное, это неплохо, но, скорее всего, просто так совпало, не более того.', 1),
  (333, 111, 'Это не считается, на самом деле ничего особенного не произошло.', 0),
  (334, 112, 'Признать хороший момент — нормально, он действительно что-то значит.', 2),
  (335, 112, 'Приятно, конечно, но вряд ли это говорит о чём-то важном.', 1),
  (336, 112, 'Это просто случайность или чья-то вежливость, а не настоящий результат.', 0),
  (337, 113, 'Похвала или удача — не повод сразу искать, почему они на самом деле не считаются.', 2),
  (338, 113, 'Может, и есть в этом моя заслуга, но, кажется, не такая уж большая.', 1),
  (339, 113, 'Любой мог бы так же, тут нет никакой моей заслуги.', 0),
  (340, 114, 'Хорошее тоже часть картины, и его не нужно обесценивать.', 2),
  (341, 114, 'Ладно, что-то хорошее было, но особо радоваться тут вроде нечему.', 1),
  (342, 114, 'Хорошее не в счёт, значение имеет только то, что не получилось.', 0),
  (343, 115, 'Это реальный, заслуженный результат — не стоит списывать его на случайность.', 2),
  (344, 115, 'Наверное, это неплохо, но, скорее всего, просто так совпало, не более того.', 1),
  (345, 115, 'Это не считается, на самом деле ничего особенного не произошло.', 0),
  (346, 116, 'Признать хороший момент — нормально, он действительно что-то значит.', 2),
  (347, 116, 'Приятно, конечно, но вряд ли это говорит о чём-то важном.', 1),
  (348, 116, 'Это просто случайность или чья-то вежливость, а не настоящий результат.', 0),
  (349, 117, 'Похвала или удача — не повод сразу искать, почему они на самом деле не считаются.', 2),
  (350, 117, 'Может, и есть в этом моя заслуга, но, кажется, не такая уж большая.', 1),
  (351, 117, 'Любой мог бы так же, тут нет никакой моей заслуги.', 0),
  (352, 118, 'Хорошее тоже часть картины, и его не нужно обесценивать.', 2),
  (353, 118, 'Ладно, что-то хорошее было, но особо радоваться тут вроде нечему.', 1),
  (354, 118, 'Хорошее не в счёт, значение имеет только то, что не получилось.', 0),
  (355, 119, 'Это реальный, заслуженный результат — не стоит списывать его на случайность.', 2),
  (356, 119, 'Наверное, это неплохо, но, скорее всего, просто так совпало, не более того.', 1),
  (357, 119, 'Это не считается, на самом деле ничего особенного не произошло.', 0),
  (358, 120, 'Признать хороший момент — нормально, он действительно что-то значит.', 2),
  (359, 120, 'Приятно, конечно, но вряд ли это говорит о чём-то важном.', 1),
  (360, 120, 'Это просто случайность или чья-то вежливость, а не настоящий результат.', 0),
  (361, 121, 'У меня нет прямых доказательств, что человек думает именно так — стоит уточнить, а не гадать.', 2),
  (362, 121, 'Скорее всего, дело не во мне, но всё равно закрадывается сомнение.', 1),
  (363, 121, 'Точно знаю, что человек думает обо мне плохо, и это не обсуждается.', 0),
  (364, 122, 'Причина может быть любой, я не могу знать наверняка, не спросив напрямую.', 2),
  (365, 122, 'Наверное, ничего личного, но осадок от этой мысли остаётся.', 1),
  (366, 122, 'Это однозначно из-за меня, я точно раздражаю этого человека.', 0),
  (367, 123, 'Пока это только моё предположение, а не факт о том, что думает другой человек.', 2),
  (368, 123, 'Вроде бы логичное объяснение есть, но сомнение в голове всё равно не уходит.', 1),
  (369, 123, 'Ясно как день — я ему не нравлюсь, других объяснений быть не может.', 0),
  (370, 124, 'Лучше уточнить напрямую, чем додумывать за другого человека.', 2),
  (371, 124, 'Может, я и ошибаюсь, но что-то мне подсказывает, что дело всё же во мне.', 1),
  (372, 124, 'Наверняка за этим стоит что-то плохое лично про меня.', 0),
  (373, 125, 'У меня нет прямых доказательств, что человек думает именно так — стоит уточнить, а не гадать.', 2),
  (374, 125, 'Скорее всего, дело не во мне, но всё равно закрадывается сомнение.', 1),
  (375, 125, 'Точно знаю, что человек думает обо мне плохо, и это не обсуждается.', 0),
  (376, 126, 'Причина может быть любой, я не могу знать наверняка, не спросив напрямую.', 2),
  (377, 126, 'Наверное, ничего личного, но осадок от этой мысли остаётся.', 1),
  (378, 126, 'Это однозначно из-за меня, я точно раздражаю этого человека.', 0),
  (379, 127, 'Пока это только моё предположение, а не факт о том, что думает другой человек.', 2),
  (380, 127, 'Вроде бы логичное объяснение есть, но сомнение в голове всё равно не уходит.', 1),
  (381, 127, 'Ясно как день — я ему не нравлюсь, других объяснений быть не может.', 0),
  (382, 128, 'Лучше уточнить напрямую, чем додумывать за другого человека.', 2),
  (383, 128, 'Может, я и ошибаюсь, но что-то мне подсказывает, что дело всё же во мне.', 1),
  (384, 128, 'Наверняка за этим стоит что-то плохое лично про меня.', 0),
  (385, 129, 'У меня нет прямых доказательств, что человек думает именно так — стоит уточнить, а не гадать.', 2),
  (386, 129, 'Скорее всего, дело не во мне, но всё равно закрадывается сомнение.', 1),
  (387, 129, 'Точно знаю, что человек думает обо мне плохо, и это не обсуждается.', 0),
  (388, 130, 'Причина может быть любой, я не могу знать наверняка, не спросив напрямую.', 2),
  (389, 130, 'Наверное, ничего личного, но осадок от этой мысли остаётся.', 1),
  (390, 130, 'Это однозначно из-за меня, я точно раздражаю этого человека.', 0),
  (391, 131, 'Пока это только моё предположение, а не факт о том, что думает другой человек.', 2),
  (392, 131, 'Вроде бы логичное объяснение есть, но сомнение в голове всё равно не уходит.', 1),
  (393, 131, 'Ясно как день — я ему не нравлюсь, других объяснений быть не может.', 0),
  (394, 132, 'Лучше уточнить напрямую, чем додумывать за другого человека.', 2),
  (395, 132, 'Может, я и ошибаюсь, но что-то мне подсказывает, что дело всё же во мне.', 1),
  (396, 132, 'Наверняка за этим стоит что-то плохое лично про меня.', 0),
  (397, 133, 'У меня нет прямых доказательств, что человек думает именно так — стоит уточнить, а не гадать.', 2),
  (398, 133, 'Скорее всего, дело не во мне, но всё равно закрадывается сомнение.', 1),
  (399, 133, 'Точно знаю, что человек думает обо мне плохо, и это не обсуждается.', 0),
  (400, 134, 'Причина может быть любой, я не могу знать наверняка, не спросив напрямую.', 2),
  (401, 134, 'Наверное, ничего личного, но осадок от этой мысли остаётся.', 1),
  (402, 134, 'Это однозначно из-за меня, я точно раздражаю этого человека.', 0),
  (403, 135, 'Пока это только моё предположение, а не факт о том, что думает другой человек.', 2),
  (404, 135, 'Вроде бы логичное объяснение есть, но сомнение в голове всё равно не уходит.', 1),
  (405, 135, 'Ясно как день — я ему не нравлюсь, других объяснений быть не может.', 0),
  (406, 136, 'Лучше уточнить напрямую, чем додумывать за другого человека.', 2),
  (407, 136, 'Может, я и ошибаюсь, но что-то мне подсказывает, что дело всё же во мне.', 1),
  (408, 136, 'Наверняка за этим стоит что-то плохое лично про меня.', 0),
  (409, 137, 'У меня нет прямых доказательств, что человек думает именно так — стоит уточнить, а не гадать.', 2),
  (410, 137, 'Скорее всего, дело не во мне, но всё равно закрадывается сомнение.', 1),
  (411, 137, 'Точно знаю, что человек думает обо мне плохо, и это не обсуждается.', 0),
  (412, 138, 'Причина может быть любой, я не могу знать наверняка, не спросив напрямую.', 2),
  (413, 138, 'Наверное, ничего личного, но осадок от этой мысли остаётся.', 1),
  (414, 138, 'Это однозначно из-за меня, я точно раздражаю этого человека.', 0),
  (415, 139, 'Пока это только моё предположение, а не факт о том, что думает другой человек.', 2),
  (416, 139, 'Вроде бы логичное объяснение есть, но сомнение в голове всё равно не уходит.', 1),
  (417, 139, 'Ясно как день — я ему не нравлюсь, других объяснений быть не может.', 0),
  (418, 140, 'Лучше уточнить напрямую, чем додумывать за другого человека.', 2),
  (419, 140, 'Может, я и ошибаюсь, но что-то мне подсказывает, что дело всё же во мне.', 1),
  (420, 140, 'Наверняка за этим стоит что-то плохое лично про меня.', 0),
  (421, 141, 'У меня нет прямых доказательств, что человек думает именно так — стоит уточнить, а не гадать.', 2),
  (422, 141, 'Скорее всего, дело не во мне, но всё равно закрадывается сомнение.', 1),
  (423, 141, 'Точно знаю, что человек думает обо мне плохо, и это не обсуждается.', 0),
  (424, 142, 'Причина может быть любой, я не могу знать наверняка, не спросив напрямую.', 2),
  (425, 142, 'Наверное, ничего личного, но осадок от этой мысли остаётся.', 1),
  (426, 142, 'Это однозначно из-за меня, я точно раздражаю этого человека.', 0),
  (427, 143, 'Пока это только моё предположение, а не факт о том, что думает другой человек.', 2),
  (428, 143, 'Вроде бы логичное объяснение есть, но сомнение в голове всё равно не уходит.', 1),
  (429, 143, 'Ясно как день — я ему не нравлюсь, других объяснений быть не может.', 0),
  (430, 144, 'Лучше уточнить напрямую, чем додумывать за другого человека.', 2),
  (431, 144, 'Может, я и ошибаюсь, но что-то мне подсказывает, что дело всё же во мне.', 1),
  (432, 144, 'Наверняка за этим стоит что-то плохое лично про меня.', 0),
  (433, 145, 'У меня нет прямых доказательств, что человек думает именно так — стоит уточнить, а не гадать.', 2),
  (434, 145, 'Скорее всего, дело не во мне, но всё равно закрадывается сомнение.', 1),
  (435, 145, 'Точно знаю, что человек думает обо мне плохо, и это не обсуждается.', 0),
  (436, 146, 'Причина может быть любой, я не могу знать наверняка, не спросив напрямую.', 2),
  (437, 146, 'Наверное, ничего личного, но осадок от этой мысли остаётся.', 1),
  (438, 146, 'Это однозначно из-за меня, я точно раздражаю этого человека.', 0),
  (439, 147, 'Пока это только моё предположение, а не факт о том, что думает другой человек.', 2),
  (440, 147, 'Вроде бы логичное объяснение есть, но сомнение в голове всё равно не уходит.', 1),
  (441, 147, 'Ясно как день — я ему не нравлюсь, других объяснений быть не может.', 0),
  (442, 148, 'Лучше уточнить напрямую, чем додумывать за другого человека.', 2),
  (443, 148, 'Может, я и ошибаюсь, но что-то мне подсказывает, что дело всё же во мне.', 1),
  (444, 148, 'Наверняка за этим стоит что-то плохое лично про меня.', 0),
  (445, 149, 'У меня нет прямых доказательств, что человек думает именно так — стоит уточнить, а не гадать.', 2),
  (446, 149, 'Скорее всего, дело не во мне, но всё равно закрадывается сомнение.', 1),
  (447, 149, 'Точно знаю, что человек думает обо мне плохо, и это не обсуждается.', 0),
  (448, 150, 'Причина может быть любой, я не могу знать наверняка, не спросив напрямую.', 2),
  (449, 150, 'Наверное, ничего личного, но осадок от этой мысли остаётся.', 1),
  (450, 150, 'Это однозначно из-за меня, я точно раздражаю этого человека.', 0),
  (451, 151, 'Я не знаю заранее, чем всё закончится — буду действовать и смотреть по ситуации.', 2),
  (452, 151, 'Может, всё пройдёт нормально, но всё равно кажется, что скорее пойдёт не так.', 1),
  (453, 151, 'Это точно закончится провалом, тут и думать нечего.', 0),
  (454, 152, 'Исход не предопределён, у меня есть основания для разных вариантов развития событий.', 2),
  (455, 152, 'Шансы вроде есть, но интуиция подсказывает готовиться к худшему.', 1),
  (456, 152, 'Ничего хорошего из этого не выйдет, я это уже знаю заранее.', 0),
  (457, 153, 'Заранее гадать бессмысленно — лучше попробовать и увидеть, что получится на самом деле.', 2),
  (458, 153, 'Формально исход не известен, но ощущение, что ничего хорошего ждать не стоит.', 1),
  (459, 153, 'Даже пытаться не стоит — итог и так предрешён.', 0),
  (460, 154, 'Будущее не написано заранее, я могу на него влиять.', 2),
  (461, 154, 'Наверное, получится, но как-то не особо в это верится.', 1),
  (462, 154, 'Всё обязательно пойдёт наперекосяк, как и всегда в таких случаях.', 0),
  (463, 155, 'Я не знаю заранее, чем всё закончится — буду действовать и смотреть по ситуации.', 2),
  (464, 155, 'Может, всё пройдёт нормально, но всё равно кажется, что скорее пойдёт не так.', 1),
  (465, 155, 'Это точно закончится провалом, тут и думать нечего.', 0),
  (466, 156, 'Исход не предопределён, у меня есть основания для разных вариантов развития событий.', 2),
  (467, 156, 'Шансы вроде есть, но интуиция подсказывает готовиться к худшему.', 1),
  (468, 156, 'Ничего хорошего из этого не выйдет, я это уже знаю заранее.', 0),
  (469, 157, 'Заранее гадать бессмысленно — лучше попробовать и увидеть, что получится на самом деле.', 2),
  (470, 157, 'Формально исход не известен, но ощущение, что ничего хорошего ждать не стоит.', 1),
  (471, 157, 'Даже пытаться не стоит — итог и так предрешён.', 0),
  (472, 158, 'Будущее не написано заранее, я могу на него влиять.', 2),
  (473, 158, 'Наверное, получится, но как-то не особо в это верится.', 1),
  (474, 158, 'Всё обязательно пойдёт наперекосяк, как и всегда в таких случаях.', 0),
  (475, 159, 'Я не знаю заранее, чем всё закончится — буду действовать и смотреть по ситуации.', 2),
  (476, 159, 'Может, всё пройдёт нормально, но всё равно кажется, что скорее пойдёт не так.', 1),
  (477, 159, 'Это точно закончится провалом, тут и думать нечего.', 0),
  (478, 160, 'Исход не предопределён, у меня есть основания для разных вариантов развития событий.', 2),
  (479, 160, 'Шансы вроде есть, но интуиция подсказывает готовиться к худшему.', 1),
  (480, 160, 'Ничего хорошего из этого не выйдет, я это уже знаю заранее.', 0),
  (481, 161, 'Заранее гадать бессмысленно — лучше попробовать и увидеть, что получится на самом деле.', 2),
  (482, 161, 'Формально исход не известен, но ощущение, что ничего хорошего ждать не стоит.', 1),
  (483, 161, 'Даже пытаться не стоит — итог и так предрешён.', 0),
  (484, 162, 'Будущее не написано заранее, я могу на него влиять.', 2),
  (485, 162, 'Наверное, получится, но как-то не особо в это верится.', 1),
  (486, 162, 'Всё обязательно пойдёт наперекосяк, как и всегда в таких случаях.', 0),
  (487, 163, 'Я не знаю заранее, чем всё закончится — буду действовать и смотреть по ситуации.', 2),
  (488, 163, 'Может, всё пройдёт нормально, но всё равно кажется, что скорее пойдёт не так.', 1),
  (489, 163, 'Это точно закончится провалом, тут и думать нечего.', 0),
  (490, 164, 'Исход не предопределён, у меня есть основания для разных вариантов развития событий.', 2),
  (491, 164, 'Шансы вроде есть, но интуиция подсказывает готовиться к худшему.', 1),
  (492, 164, 'Ничего хорошего из этого не выйдет, я это уже знаю заранее.', 0),
  (493, 165, 'Заранее гадать бессмысленно — лучше попробовать и увидеть, что получится на самом деле.', 2),
  (494, 165, 'Формально исход не известен, но ощущение, что ничего хорошего ждать не стоит.', 1),
  (495, 165, 'Даже пытаться не стоит — итог и так предрешён.', 0),
  (496, 166, 'Будущее не написано заранее, я могу на него влиять.', 2),
  (497, 166, 'Наверное, получится, но как-то не особо в это верится.', 1),
  (498, 166, 'Всё обязательно пойдёт наперекосяк, как и всегда в таких случаях.', 0),
  (499, 167, 'Я не знаю заранее, чем всё закончится — буду действовать и смотреть по ситуации.', 2),
  (500, 167, 'Может, всё пройдёт нормально, но всё равно кажется, что скорее пойдёт не так.', 1),
  (501, 167, 'Это точно закончится провалом, тут и думать нечего.', 0),
  (502, 168, 'Исход не предопределён, у меня есть основания для разных вариантов развития событий.', 2),
  (503, 168, 'Шансы вроде есть, но интуиция подсказывает готовиться к худшему.', 1),
  (504, 168, 'Ничего хорошего из этого не выйдет, я это уже знаю заранее.', 0),
  (505, 169, 'Заранее гадать бессмысленно — лучше попробовать и увидеть, что получится на самом деле.', 2),
  (506, 169, 'Формально исход не известен, но ощущение, что ничего хорошего ждать не стоит.', 1),
  (507, 169, 'Даже пытаться не стоит — итог и так предрешён.', 0),
  (508, 170, 'Будущее не написано заранее, я могу на него влиять.', 2),
  (509, 170, 'Наверное, получится, но как-то не особо в это верится.', 1),
  (510, 170, 'Всё обязательно пойдёт наперекосяк, как и всегда в таких случаях.', 0),
  (511, 171, 'Я не знаю заранее, чем всё закончится — буду действовать и смотреть по ситуации.', 2),
  (512, 171, 'Может, всё пройдёт нормально, но всё равно кажется, что скорее пойдёт не так.', 1),
  (513, 171, 'Это точно закончится провалом, тут и думать нечего.', 0),
  (514, 172, 'Исход не предопределён, у меня есть основания для разных вариантов развития событий.', 2),
  (515, 172, 'Шансы вроде есть, но интуиция подсказывает готовиться к худшему.', 1),
  (516, 172, 'Ничего хорошего из этого не выйдет, я это уже знаю заранее.', 0),
  (517, 173, 'Заранее гадать бессмысленно — лучше попробовать и увидеть, что получится на самом деле.', 2),
  (518, 173, 'Формально исход не известен, но ощущение, что ничего хорошего ждать не стоит.', 1),
  (519, 173, 'Даже пытаться не стоит — итог и так предрешён.', 0),
  (520, 174, 'Будущее не написано заранее, я могу на него влиять.', 2),
  (521, 174, 'Наверное, получится, но как-то не особо в это верится.', 1),
  (522, 174, 'Всё обязательно пойдёт наперекосяк, как и всегда в таких случаях.', 0),
  (523, 175, 'Я не знаю заранее, чем всё закончится — буду действовать и смотреть по ситуации.', 2),
  (524, 175, 'Может, всё пройдёт нормально, но всё равно кажется, что скорее пойдёт не так.', 1),
  (525, 175, 'Это точно закончится провалом, тут и думать нечего.', 0),
  (526, 176, 'Исход не предопределён, у меня есть основания для разных вариантов развития событий.', 2),
  (527, 176, 'Шансы вроде есть, но интуиция подсказывает готовиться к худшему.', 1),
  (528, 176, 'Ничего хорошего из этого не выйдет, я это уже знаю заранее.', 0),
  (529, 177, 'Заранее гадать бессмысленно — лучше попробовать и увидеть, что получится на самом деле.', 2),
  (530, 177, 'Формально исход не известен, но ощущение, что ничего хорошего ждать не стоит.', 1),
  (531, 177, 'Даже пытаться не стоит — итог и так предрешён.', 0),
  (532, 178, 'Будущее не написано заранее, я могу на него влиять.', 2),
  (533, 178, 'Наверное, получится, но как-то не особо в это верится.', 1),
  (534, 178, 'Всё обязательно пойдёт наперекосяк, как и всегда в таких случаях.', 0),
  (535, 179, 'Я не знаю заранее, чем всё закончится — буду действовать и смотреть по ситуации.', 2),
  (536, 179, 'Может, всё пройдёт нормально, но всё равно кажется, что скорее пойдёт не так.', 1),
  (537, 179, 'Это точно закончится провалом, тут и думать нечего.', 0),
  (538, 180, 'Исход не предопределён, у меня есть основания для разных вариантов развития событий.', 2),
  (539, 180, 'Шансы вроде есть, но интуиция подсказывает готовиться к худшему.', 1),
  (540, 180, 'Ничего хорошего из этого не выйдет, я это уже знаю заранее.', 0),
  (541, 181, 'Это досадная, но обычная и не такая уж значимая мелочь в масштабе всей ситуации.', 2),
  (542, 181, 'Ладно, мелочь, но всё равно неприятно, что так вышло — надо быть внимательнее.', 1),
  (543, 181, 'Это настоящая катастрофа, всё теперь будет иначе, и точно не в лучшую сторону.', 0),
  (544, 182, 'Через неделю или месяц это вряд ли будет казаться таким уж важным.', 2),
  (545, 182, 'Вроде не критично, но осадок такой, будто это серьёзнее, чем кажется на первый взгляд.', 1),
  (546, 182, 'Это огромная, непоправимая проблема, которая всё портит.', 0),
  (547, 183, 'Ошибка вполне рядовая и легко исправимая, не стоит раздувать её значение.', 2),
  (548, 183, 'Формально это пустяк, но почему-то ощущается куда весомее.', 1),
  (549, 183, 'Такое не прощают, последствия будут самыми серьёзными.', 0),
  (550, 184, 'Это не катастрофа, а рабочий момент, который случается у всех.', 2),
  (551, 184, 'Скорее всего, это не страшно, но тревога всё равно не отпускает.', 1),
  (552, 184, 'Это худшее, что могло случиться в этой ситуации.', 0),
  (553, 185, 'Это досадная, но обычная и не такая уж значимая мелочь в масштабе всей ситуации.', 2),
  (554, 185, 'Ладно, мелочь, но всё равно неприятно, что так вышло — надо быть внимательнее.', 1),
  (555, 185, 'Это настоящая катастрофа, всё теперь будет иначе, и точно не в лучшую сторону.', 0),
  (556, 186, 'Через неделю или месяц это вряд ли будет казаться таким уж важным.', 2),
  (557, 186, 'Вроде не критично, но осадок такой, будто это серьёзнее, чем кажется на первый взгляд.', 1),
  (558, 186, 'Это огромная, непоправимая проблема, которая всё портит.', 0),
  (559, 187, 'Ошибка вполне рядовая и легко исправимая, не стоит раздувать её значение.', 2),
  (560, 187, 'Формально это пустяк, но почему-то ощущается куда весомее.', 1),
  (561, 187, 'Такое не прощают, последствия будут самыми серьёзными.', 0),
  (562, 188, 'Это не катастрофа, а рабочий момент, который случается у всех.', 2),
  (563, 188, 'Скорее всего, это не страшно, но тревога всё равно не отпускает.', 1),
  (564, 188, 'Это худшее, что могло случиться в этой ситуации.', 0),
  (565, 189, 'Это досадная, но обычная и не такая уж значимая мелочь в масштабе всей ситуации.', 2),
  (566, 189, 'Ладно, мелочь, но всё равно неприятно, что так вышло — надо быть внимательнее.', 1),
  (567, 189, 'Это настоящая катастрофа, всё теперь будет иначе, и точно не в лучшую сторону.', 0),
  (568, 190, 'Через неделю или месяц это вряд ли будет казаться таким уж важным.', 2),
  (569, 190, 'Вроде не критично, но осадок такой, будто это серьёзнее, чем кажется на первый взгляд.', 1),
  (570, 190, 'Это огромная, непоправимая проблема, которая всё портит.', 0),
  (571, 191, 'Ошибка вполне рядовая и легко исправимая, не стоит раздувать её значение.', 2),
  (572, 191, 'Формально это пустяк, но почему-то ощущается куда весомее.', 1),
  (573, 191, 'Такое не прощают, последствия будут самыми серьёзными.', 0),
  (574, 192, 'Это не катастрофа, а рабочий момент, который случается у всех.', 2),
  (575, 192, 'Скорее всего, это не страшно, но тревога всё равно не отпускает.', 1),
  (576, 192, 'Это худшее, что могло случиться в этой ситуации.', 0),
  (577, 193, 'Это досадная, но обычная и не такая уж значимая мелочь в масштабе всей ситуации.', 2),
  (578, 193, 'Ладно, мелочь, но всё равно неприятно, что так вышло — надо быть внимательнее.', 1),
  (579, 193, 'Это настоящая катастрофа, всё теперь будет иначе, и точно не в лучшую сторону.', 0),
  (580, 194, 'Через неделю или месяц это вряд ли будет казаться таким уж важным.', 2),
  (581, 194, 'Вроде не критично, но осадок такой, будто это серьёзнее, чем кажется на первый взгляд.', 1),
  (582, 194, 'Это огромная, непоправимая проблема, которая всё портит.', 0),
  (583, 195, 'Ошибка вполне рядовая и легко исправимая, не стоит раздувать её значение.', 2),
  (584, 195, 'Формально это пустяк, но почему-то ощущается куда весомее.', 1),
  (585, 195, 'Такое не прощают, последствия будут самыми серьёзными.', 0),
  (586, 196, 'Это не катастрофа, а рабочий момент, который случается у всех.', 2),
  (587, 196, 'Скорее всего, это не страшно, но тревога всё равно не отпускает.', 1),
  (588, 196, 'Это худшее, что могло случиться в этой ситуации.', 0),
  (589, 197, 'Это досадная, но обычная и не такая уж значимая мелочь в масштабе всей ситуации.', 2),
  (590, 197, 'Ладно, мелочь, но всё равно неприятно, что так вышло — надо быть внимательнее.', 1),
  (591, 197, 'Это настоящая катастрофа, всё теперь будет иначе, и точно не в лучшую сторону.', 0),
  (592, 198, 'Через неделю или месяц это вряд ли будет казаться таким уж важным.', 2),
  (593, 198, 'Вроде не критично, но осадок такой, будто это серьёзнее, чем кажется на первый взгляд.', 1),
  (594, 198, 'Это огромная, непоправимая проблема, которая всё портит.', 0),
  (595, 199, 'Ошибка вполне рядовая и легко исправимая, не стоит раздувать её значение.', 2),
  (596, 199, 'Формально это пустяк, но почему-то ощущается куда весомее.', 1),
  (597, 199, 'Такое не прощают, последствия будут самыми серьёзными.', 0),
  (598, 200, 'Это не катастрофа, а рабочий момент, который случается у всех.', 2),
  (599, 200, 'Скорее всего, это не страшно, но тревога всё равно не отпускает.', 1),
  (600, 200, 'Это худшее, что могло случиться в этой ситуации.', 0),
  (601, 201, 'Это досадная, но обычная и не такая уж значимая мелочь в масштабе всей ситуации.', 2),
  (602, 201, 'Ладно, мелочь, но всё равно неприятно, что так вышло — надо быть внимательнее.', 1),
  (603, 201, 'Это настоящая катастрофа, всё теперь будет иначе, и точно не в лучшую сторону.', 0),
  (604, 202, 'Через неделю или месяц это вряд ли будет казаться таким уж важным.', 2),
  (605, 202, 'Вроде не критично, но осадок такой, будто это серьёзнее, чем кажется на первый взгляд.', 1),
  (606, 202, 'Это огромная, непоправимая проблема, которая всё портит.', 0),
  (607, 203, 'Ошибка вполне рядовая и легко исправимая, не стоит раздувать её значение.', 2),
  (608, 203, 'Формально это пустяк, но почему-то ощущается куда весомее.', 1),
  (609, 203, 'Такое не прощают, последствия будут самыми серьёзными.', 0),
  (610, 204, 'Это не катастрофа, а рабочий момент, который случается у всех.', 2),
  (611, 204, 'Скорее всего, это не страшно, но тревога всё равно не отпускает.', 1),
  (612, 204, 'Это худшее, что могло случиться в этой ситуации.', 0),
  (613, 205, 'Это досадная, но обычная и не такая уж значимая мелочь в масштабе всей ситуации.', 2),
  (614, 205, 'Ладно, мелочь, но всё равно неприятно, что так вышло — надо быть внимательнее.', 1),
  (615, 205, 'Это настоящая катастрофа, всё теперь будет иначе, и точно не в лучшую сторону.', 0),
  (616, 206, 'Через неделю или месяц это вряд ли будет казаться таким уж важным.', 2),
  (617, 206, 'Вроде не критично, но осадок такой, будто это серьёзнее, чем кажется на первый взгляд.', 1),
  (618, 206, 'Это огромная, непоправимая проблема, которая всё портит.', 0),
  (619, 207, 'Ошибка вполне рядовая и легко исправимая, не стоит раздувать её значение.', 2),
  (620, 207, 'Формально это пустяк, но почему-то ощущается куда весомее.', 1),
  (621, 207, 'Такое не прощают, последствия будут самыми серьёзными.', 0),
  (622, 208, 'Это не катастрофа, а рабочий момент, который случается у всех.', 2),
  (623, 208, 'Скорее всего, это не страшно, но тревога всё равно не отпускает.', 1),
  (624, 208, 'Это худшее, что могло случиться в этой ситуации.', 0),
  (625, 209, 'Это досадная, но обычная и не такая уж значимая мелочь в масштабе всей ситуации.', 2),
  (626, 209, 'Ладно, мелочь, но всё равно неприятно, что так вышло — надо быть внимательнее.', 1),
  (627, 209, 'Это настоящая катастрофа, всё теперь будет иначе, и точно не в лучшую сторону.', 0),
  (628, 210, 'Через неделю или месяц это вряд ли будет казаться таким уж важным.', 2),
  (629, 210, 'Вроде не критично, но осадок такой, будто это серьёзнее, чем кажется на первый взгляд.', 1),
  (630, 210, 'Это огромная, непоправимая проблема, которая всё портит.', 0),
  (631, 211, 'Чувство — это просто чувство, а не факт о том, как обстоят дела на самом деле.', 2),
  (632, 211, 'Наверное, чувство не всегда право, но раз оно такое сильное — что-то, скорее всего, действительно не так.', 1),
  (633, 211, 'Раз я это чувствую — значит, так оно точно и есть.', 0),
  (634, 212, 'То, что я это ощущаю, ещё не значит, что так оно и есть в реальности.', 2),
  (635, 212, 'Умом понимаю, что это просто эмоция, но она всё равно ощущается как что-то очень весомое.', 1),
  (636, 212, 'Если внутри так тревожно, то дело обязательно плохо кончится.', 0),
  (637, 213, 'Эмоция понятна, но не стоит принимать её за объективную оценку ситуации.', 2),
  (638, 213, 'Может, я и накручиваю, но само ощущение слишком реальное, чтобы его игнорировать.', 1),
  (639, 213, 'Моё ощущение — это стопроцентное доказательство того, что что-то не так.', 0),
  (640, 214, 'Можно испытывать это чувство, не считая его прямым доказательством чего-либо.', 2),
  (641, 214, 'Разумом я это признаю, но всё равно склоняюсь доверять именно чувству, а не логике.', 1),
  (642, 214, 'Чувствую — значит, знаю наверняка, тут и сомневаться нечего.', 0),
  (643, 215, 'Чувство — это просто чувство, а не факт о том, как обстоят дела на самом деле.', 2),
  (644, 215, 'Наверное, чувство не всегда право, но раз оно такое сильное — что-то, скорее всего, действительно не так.', 1),
  (645, 215, 'Раз я это чувствую — значит, так оно точно и есть.', 0),
  (646, 216, 'То, что я это ощущаю, ещё не значит, что так оно и есть в реальности.', 2),
  (647, 216, 'Умом понимаю, что это просто эмоция, но она всё равно ощущается как что-то очень весомое.', 1),
  (648, 216, 'Если внутри так тревожно, то дело обязательно плохо кончится.', 0),
  (649, 217, 'Эмоция понятна, но не стоит принимать её за объективную оценку ситуации.', 2),
  (650, 217, 'Может, я и накручиваю, но само ощущение слишком реальное, чтобы его игнорировать.', 1),
  (651, 217, 'Моё ощущение — это стопроцентное доказательство того, что что-то не так.', 0),
  (652, 218, 'Можно испытывать это чувство, не считая его прямым доказательством чего-либо.', 2),
  (653, 218, 'Разумом я это признаю, но всё равно склоняюсь доверять именно чувству, а не логике.', 1),
  (654, 218, 'Чувствую — значит, знаю наверняка, тут и сомневаться нечего.', 0),
  (655, 219, 'Чувство — это просто чувство, а не факт о том, как обстоят дела на самом деле.', 2),
  (656, 219, 'Наверное, чувство не всегда право, но раз оно такое сильное — что-то, скорее всего, действительно не так.', 1),
  (657, 219, 'Раз я это чувствую — значит, так оно точно и есть.', 0),
  (658, 220, 'То, что я это ощущаю, ещё не значит, что так оно и есть в реальности.', 2),
  (659, 220, 'Умом понимаю, что это просто эмоция, но она всё равно ощущается как что-то очень весомое.', 1),
  (660, 220, 'Если внутри так тревожно, то дело обязательно плохо кончится.', 0),
  (661, 221, 'Эмоция понятна, но не стоит принимать её за объективную оценку ситуации.', 2),
  (662, 221, 'Может, я и накручиваю, но само ощущение слишком реальное, чтобы его игнорировать.', 1),
  (663, 221, 'Моё ощущение — это стопроцентное доказательство того, что что-то не так.', 0),
  (664, 222, 'Можно испытывать это чувство, не считая его прямым доказательством чего-либо.', 2),
  (665, 222, 'Разумом я это признаю, но всё равно склоняюсь доверять именно чувству, а не логике.', 1),
  (666, 222, 'Чувствую — значит, знаю наверняка, тут и сомневаться нечего.', 0),
  (667, 223, 'Чувство — это просто чувство, а не факт о том, как обстоят дела на самом деле.', 2),
  (668, 223, 'Наверное, чувство не всегда право, но раз оно такое сильное — что-то, скорее всего, действительно не так.', 1),
  (669, 223, 'Раз я это чувствую — значит, так оно точно и есть.', 0),
  (670, 224, 'То, что я это ощущаю, ещё не значит, что так оно и есть в реальности.', 2),
  (671, 224, 'Умом понимаю, что это просто эмоция, но она всё равно ощущается как что-то очень весомое.', 1),
  (672, 224, 'Если внутри так тревожно, то дело обязательно плохо кончится.', 0),
  (673, 225, 'Эмоция понятна, но не стоит принимать её за объективную оценку ситуации.', 2),
  (674, 225, 'Может, я и накручиваю, но само ощущение слишком реальное, чтобы его игнорировать.', 1),
  (675, 225, 'Моё ощущение — это стопроцентное доказательство того, что что-то не так.', 0),
  (676, 226, 'Можно испытывать это чувство, не считая его прямым доказательством чего-либо.', 2),
  (677, 226, 'Разумом я это признаю, но всё равно склоняюсь доверять именно чувству, а не логике.', 1),
  (678, 226, 'Чувствую — значит, знаю наверняка, тут и сомневаться нечего.', 0),
  (679, 227, 'Чувство — это просто чувство, а не факт о том, как обстоят дела на самом деле.', 2),
  (680, 227, 'Наверное, чувство не всегда право, но раз оно такое сильное — что-то, скорее всего, действительно не так.', 1),
  (681, 227, 'Раз я это чувствую — значит, так оно точно и есть.', 0),
  (682, 228, 'То, что я это ощущаю, ещё не значит, что так оно и есть в реальности.', 2),
  (683, 228, 'Умом понимаю, что это просто эмоция, но она всё равно ощущается как что-то очень весомое.', 1),
  (684, 228, 'Если внутри так тревожно, то дело обязательно плохо кончится.', 0),
  (685, 229, 'Эмоция понятна, но не стоит принимать её за объективную оценку ситуации.', 2),
  (686, 229, 'Может, я и накручиваю, но само ощущение слишком реальное, чтобы его игнорировать.', 1),
  (687, 229, 'Моё ощущение — это стопроцентное доказательство того, что что-то не так.', 0),
  (688, 230, 'Можно испытывать это чувство, не считая его прямым доказательством чего-либо.', 2),
  (689, 230, 'Разумом я это признаю, но всё равно склоняюсь доверять именно чувству, а не логике.', 1),
  (690, 230, 'Чувствую — значит, знаю наверняка, тут и сомневаться нечего.', 0),
  (691, 231, 'Чувство — это просто чувство, а не факт о том, как обстоят дела на самом деле.', 2),
  (692, 231, 'Наверное, чувство не всегда право, но раз оно такое сильное — что-то, скорее всего, действительно не так.', 1),
  (693, 231, 'Раз я это чувствую — значит, так оно точно и есть.', 0),
  (694, 232, 'То, что я это ощущаю, ещё не значит, что так оно и есть в реальности.', 2),
  (695, 232, 'Умом понимаю, что это просто эмоция, но она всё равно ощущается как что-то очень весомое.', 1),
  (696, 232, 'Если внутри так тревожно, то дело обязательно плохо кончится.', 0),
  (697, 233, 'Эмоция понятна, но не стоит принимать её за объективную оценку ситуации.', 2),
  (698, 233, 'Может, я и накручиваю, но само ощущение слишком реальное, чтобы его игнорировать.', 1),
  (699, 233, 'Моё ощущение — это стопроцентное доказательство того, что что-то не так.', 0),
  (700, 234, 'Можно испытывать это чувство, не считая его прямым доказательством чего-либо.', 2),
  (701, 234, 'Разумом я это признаю, но всё равно склоняюсь доверять именно чувству, а не логике.', 1),
  (702, 234, 'Чувствую — значит, знаю наверняка, тут и сомневаться нечего.', 0),
  (703, 235, 'Чувство — это просто чувство, а не факт о том, как обстоят дела на самом деле.', 2),
  (704, 235, 'Наверное, чувство не всегда право, но раз оно такое сильное — что-то, скорее всего, действительно не так.', 1),
  (705, 235, 'Раз я это чувствую — значит, так оно точно и есть.', 0),
  (706, 236, 'То, что я это ощущаю, ещё не значит, что так оно и есть в реальности.', 2),
  (707, 236, 'Умом понимаю, что это просто эмоция, но она всё равно ощущается как что-то очень весомое.', 1),
  (708, 236, 'Если внутри так тревожно, то дело обязательно плохо кончится.', 0),
  (709, 237, 'Эмоция понятна, но не стоит принимать её за объективную оценку ситуации.', 2),
  (710, 237, 'Может, я и накручиваю, но само ощущение слишком реальное, чтобы его игнорировать.', 1),
  (711, 237, 'Моё ощущение — это стопроцентное доказательство того, что что-то не так.', 0),
  (712, 238, 'Можно испытывать это чувство, не считая его прямым доказательством чего-либо.', 2),
  (713, 238, 'Разумом я это признаю, но всё равно склоняюсь доверять именно чувству, а не логике.', 1),
  (714, 238, 'Чувствую — значит, знаю наверняка, тут и сомневаться нечего.', 0),
  (715, 239, 'Чувство — это просто чувство, а не факт о том, как обстоят дела на самом деле.', 2),
  (716, 239, 'Наверное, чувство не всегда право, но раз оно такое сильное — что-то, скорее всего, действительно не так.', 1),
  (717, 239, 'Раз я это чувствую — значит, так оно точно и есть.', 0),
  (718, 240, 'То, что я это ощущаю, ещё не значит, что так оно и есть в реальности.', 2),
  (719, 240, 'Умом понимаю, что это просто эмоция, но она всё равно ощущается как что-то очень весомое.', 1),
  (720, 240, 'Если внутри так тревожно, то дело обязательно плохо кончится.', 0),
  (721, 241, 'Я не обязан соответствовать этому стандарту в любой ситуации без исключений — можно расставлять приоритеты.', 2),
  (722, 241, 'Ладно, наверное, это было разумно, но всё равно чувствую, что должен был поступить иначе.', 1),
  (723, 241, 'Я обязан был поступить именно так, и то, что вышло иначе — недопустимо.', 0),
  (724, 242, 'Это было моё решение с учётом обстоятельств, а не нарушение какого-то жёсткого правила.', 2),
  (725, 242, 'Понимаю, что имел право так поступить, но остаётся ощущение, что нужно было соответствовать стандарту.', 1),
  (726, 242, 'Есть жёсткое правило, как должно быть, и любое отклонение от него — это провал.', 0),
  (727, 243, 'У меня есть право выбирать, что важнее в моменте, без чувства вины за это.', 2),
  (728, 243, 'Вроде бы ничего страшного, но внутренний голос всё равно говорит, что я обязан был сделать по-другому.', 1),
  (729, 243, 'Не имею права на исключения из этого стандарта, что бы ни случилось.', 0),
  (730, 244, 'Гибкость в этом вопросе — это нормально, а не провал каких-то обязательств.', 2),
  (731, 244, 'Формально всё в порядке, но чувство долга никуда не делось.', 1),
  (732, 244, 'Раз не сделал так, как должен был — значит, подвёл всех вокруг.', 0),
  (733, 245, 'Я не обязан соответствовать этому стандарту в любой ситуации без исключений — можно расставлять приоритеты.', 2),
  (734, 245, 'Ладно, наверное, это было разумно, но всё равно чувствую, что должен был поступить иначе.', 1),
  (735, 245, 'Я обязан был поступить именно так, и то, что вышло иначе — недопустимо.', 0),
  (736, 246, 'Это было моё решение с учётом обстоятельств, а не нарушение какого-то жёсткого правила.', 2),
  (737, 246, 'Понимаю, что имел право так поступить, но остаётся ощущение, что нужно было соответствовать стандарту.', 1),
  (738, 246, 'Есть жёсткое правило, как должно быть, и любое отклонение от него — это провал.', 0),
  (739, 247, 'У меня есть право выбирать, что важнее в моменте, без чувства вины за это.', 2),
  (740, 247, 'Вроде бы ничего страшного, но внутренний голос всё равно говорит, что я обязан был сделать по-другому.', 1),
  (741, 247, 'Не имею права на исключения из этого стандарта, что бы ни случилось.', 0),
  (742, 248, 'Гибкость в этом вопросе — это нормально, а не провал каких-то обязательств.', 2),
  (743, 248, 'Формально всё в порядке, но чувство долга никуда не делось.', 1),
  (744, 248, 'Раз не сделал так, как должен был — значит, подвёл всех вокруг.', 0),
  (745, 249, 'Я не обязан соответствовать этому стандарту в любой ситуации без исключений — можно расставлять приоритеты.', 2),
  (746, 249, 'Ладно, наверное, это было разумно, но всё равно чувствую, что должен был поступить иначе.', 1),
  (747, 249, 'Я обязан был поступить именно так, и то, что вышло иначе — недопустимо.', 0),
  (748, 250, 'Это было моё решение с учётом обстоятельств, а не нарушение какого-то жёсткого правила.', 2),
  (749, 250, 'Понимаю, что имел право так поступить, но остаётся ощущение, что нужно было соответствовать стандарту.', 1),
  (750, 250, 'Есть жёсткое правило, как должно быть, и любое отклонение от него — это провал.', 0),
  (751, 251, 'У меня есть право выбирать, что важнее в моменте, без чувства вины за это.', 2),
  (752, 251, 'Вроде бы ничего страшного, но внутренний голос всё равно говорит, что я обязан был сделать по-другому.', 1),
  (753, 251, 'Не имею права на исключения из этого стандарта, что бы ни случилось.', 0),
  (754, 252, 'Гибкость в этом вопросе — это нормально, а не провал каких-то обязательств.', 2),
  (755, 252, 'Формально всё в порядке, но чувство долга никуда не делось.', 1),
  (756, 252, 'Раз не сделал так, как должен был — значит, подвёл всех вокруг.', 0),
  (757, 253, 'Я не обязан соответствовать этому стандарту в любой ситуации без исключений — можно расставлять приоритеты.', 2),
  (758, 253, 'Ладно, наверное, это было разумно, но всё равно чувствую, что должен был поступить иначе.', 1),
  (759, 253, 'Я обязан был поступить именно так, и то, что вышло иначе — недопустимо.', 0),
  (760, 254, 'Это было моё решение с учётом обстоятельств, а не нарушение какого-то жёсткого правила.', 2),
  (761, 254, 'Понимаю, что имел право так поступить, но остаётся ощущение, что нужно было соответствовать стандарту.', 1),
  (762, 254, 'Есть жёсткое правило, как должно быть, и любое отклонение от него — это провал.', 0),
  (763, 255, 'У меня есть право выбирать, что важнее в моменте, без чувства вины за это.', 2),
  (764, 255, 'Вроде бы ничего страшного, но внутренний голос всё равно говорит, что я обязан был сделать по-другому.', 1),
  (765, 255, 'Не имею права на исключения из этого стандарта, что бы ни случилось.', 0),
  (766, 256, 'Гибкость в этом вопросе — это нормально, а не провал каких-то обязательств.', 2),
  (767, 256, 'Формально всё в порядке, но чувство долга никуда не делось.', 1),
  (768, 256, 'Раз не сделал так, как должен был — значит, подвёл всех вокруг.', 0),
  (769, 257, 'Я не обязан соответствовать этому стандарту в любой ситуации без исключений — можно расставлять приоритеты.', 2),
  (770, 257, 'Ладно, наверное, это было разумно, но всё равно чувствую, что должен был поступить иначе.', 1),
  (771, 257, 'Я обязан был поступить именно так, и то, что вышло иначе — недопустимо.', 0),
  (772, 258, 'Это было моё решение с учётом обстоятельств, а не нарушение какого-то жёсткого правила.', 2),
  (773, 258, 'Понимаю, что имел право так поступить, но остаётся ощущение, что нужно было соответствовать стандарту.', 1),
  (774, 258, 'Есть жёсткое правило, как должно быть, и любое отклонение от него — это провал.', 0),
  (775, 259, 'У меня есть право выбирать, что важнее в моменте, без чувства вины за это.', 2),
  (776, 259, 'Вроде бы ничего страшного, но внутренний голос всё равно говорит, что я обязан был сделать по-другому.', 1),
  (777, 259, 'Не имею права на исключения из этого стандарта, что бы ни случилось.', 0),
  (778, 260, 'Гибкость в этом вопросе — это нормально, а не провал каких-то обязательств.', 2),
  (779, 260, 'Формально всё в порядке, но чувство долга никуда не делось.', 1),
  (780, 260, 'Раз не сделал так, как должен был — значит, подвёл всех вокруг.', 0),
  (781, 261, 'Я не обязан соответствовать этому стандарту в любой ситуации без исключений — можно расставлять приоритеты.', 2),
  (782, 261, 'Ладно, наверное, это было разумно, но всё равно чувствую, что должен был поступить иначе.', 1),
  (783, 261, 'Я обязан был поступить именно так, и то, что вышло иначе — недопустимо.', 0),
  (784, 262, 'Это было моё решение с учётом обстоятельств, а не нарушение какого-то жёсткого правила.', 2),
  (785, 262, 'Понимаю, что имел право так поступить, но остаётся ощущение, что нужно было соответствовать стандарту.', 1),
  (786, 262, 'Есть жёсткое правило, как должно быть, и любое отклонение от него — это провал.', 0),
  (787, 263, 'У меня есть право выбирать, что важнее в моменте, без чувства вины за это.', 2),
  (788, 263, 'Вроде бы ничего страшного, но внутренний голос всё равно говорит, что я обязан был сделать по-другому.', 1),
  (789, 263, 'Не имею права на исключения из этого стандарта, что бы ни случилось.', 0),
  (790, 264, 'Гибкость в этом вопросе — это нормально, а не провал каких-то обязательств.', 2),
  (791, 264, 'Формально всё в порядке, но чувство долга никуда не делось.', 1),
  (792, 264, 'Раз не сделал так, как должен был — значит, подвёл всех вокруг.', 0),
  (793, 265, 'Я не обязан соответствовать этому стандарту в любой ситуации без исключений — можно расставлять приоритеты.', 2),
  (794, 265, 'Ладно, наверное, это было разумно, но всё равно чувствую, что должен был поступить иначе.', 1),
  (795, 265, 'Я обязан был поступить именно так, и то, что вышло иначе — недопустимо.', 0),
  (796, 266, 'Это было моё решение с учётом обстоятельств, а не нарушение какого-то жёсткого правила.', 2),
  (797, 266, 'Понимаю, что имел право так поступить, но остаётся ощущение, что нужно было соответствовать стандарту.', 1),
  (798, 266, 'Есть жёсткое правило, как должно быть, и любое отклонение от него — это провал.', 0),
  (799, 267, 'У меня есть право выбирать, что важнее в моменте, без чувства вины за это.', 2),
  (800, 267, 'Вроде бы ничего страшного, но внутренний голос всё равно говорит, что я обязан был сделать по-другому.', 1),
  (801, 267, 'Не имею права на исключения из этого стандарта, что бы ни случилось.', 0),
  (802, 268, 'Гибкость в этом вопросе — это нормально, а не провал каких-то обязательств.', 2),
  (803, 268, 'Формально всё в порядке, но чувство долга никуда не делось.', 1),
  (804, 268, 'Раз не сделал так, как должен был — значит, подвёл всех вокруг.', 0),
  (805, 269, 'Я не обязан соответствовать этому стандарту в любой ситуации без исключений — можно расставлять приоритеты.', 2),
  (806, 269, 'Ладно, наверное, это было разумно, но всё равно чувствую, что должен был поступить иначе.', 1),
  (807, 269, 'Я обязан был поступить именно так, и то, что вышло иначе — недопустимо.', 0),
  (808, 270, 'Это было моё решение с учётом обстоятельств, а не нарушение какого-то жёсткого правила.', 2),
  (809, 270, 'Понимаю, что имел право так поступить, но остаётся ощущение, что нужно было соответствовать стандарту.', 1),
  (810, 270, 'Есть жёсткое правило, как должно быть, и любое отклонение от него — это провал.', 0),
  (811, 271, 'Это конкретная ошибка в конкретной ситуации, а не приговор моим способностям в целом.', 2),
  (812, 271, 'Ладно, ошибка есть ошибка, но всё равно чувствую себя немного никчёмным из-за этого.', 1),
  (813, 271, 'Это доказывает, что я в принципе никчёмный человек в этой сфере.', 0),
  (814, 272, 'Один эпизод описывает действие, а не то, кто я есть как человек.', 2),
  (815, 272, 'Понимаю, что дело в конкретном действии, но ярлык всё равно навязчиво крутится в голове.', 1),
  (816, 272, 'Раз так вышло — значит, я просто безнадёжен в этом деле.', 0),
  (817, 273, 'Стоит назвать именно то, что произошло, а не вешать на себя общий ярлык.', 2),
  (818, 273, 'Вроде бы разумом отделяю поступок от себя, но осадок в духе ''я такой'' всё равно остаётся.', 1),
  (819, 273, 'Это не ошибка, это подтверждение того, какой я на самом деле.', 0),
  (820, 274, 'Ошибка — это просто ошибка, она не определяет меня целиком.', 2),
  (821, 274, 'Формально это только эпизод, но ощущение общей несостоятельности никуда не девается.', 1),
  (822, 274, 'Такое поведение просто описывает меня целиком, тут и обсуждать нечего.', 0),
  (823, 275, 'Это конкретная ошибка в конкретной ситуации, а не приговор моим способностям в целом.', 2),
  (824, 275, 'Ладно, ошибка есть ошибка, но всё равно чувствую себя немного никчёмным из-за этого.', 1),
  (825, 275, 'Это доказывает, что я в принципе никчёмный человек в этой сфере.', 0),
  (826, 276, 'Один эпизод описывает действие, а не то, кто я есть как человек.', 2),
  (827, 276, 'Понимаю, что дело в конкретном действии, но ярлык всё равно навязчиво крутится в голове.', 1),
  (828, 276, 'Раз так вышло — значит, я просто безнадёжен в этом деле.', 0),
  (829, 277, 'Стоит назвать именно то, что произошло, а не вешать на себя общий ярлык.', 2),
  (830, 277, 'Вроде бы разумом отделяю поступок от себя, но осадок в духе ''я такой'' всё равно остаётся.', 1),
  (831, 277, 'Это не ошибка, это подтверждение того, какой я на самом деле.', 0),
  (832, 278, 'Ошибка — это просто ошибка, она не определяет меня целиком.', 2),
  (833, 278, 'Формально это только эпизод, но ощущение общей несостоятельности никуда не девается.', 1),
  (834, 278, 'Такое поведение просто описывает меня целиком, тут и обсуждать нечего.', 0),
  (835, 279, 'Это конкретная ошибка в конкретной ситуации, а не приговор моим способностям в целом.', 2),
  (836, 279, 'Ладно, ошибка есть ошибка, но всё равно чувствую себя немного никчёмным из-за этого.', 1),
  (837, 279, 'Это доказывает, что я в принципе никчёмный человек в этой сфере.', 0),
  (838, 280, 'Один эпизод описывает действие, а не то, кто я есть как человек.', 2),
  (839, 280, 'Понимаю, что дело в конкретном действии, но ярлык всё равно навязчиво крутится в голове.', 1),
  (840, 280, 'Раз так вышло — значит, я просто безнадёжен в этом деле.', 0),
  (841, 281, 'Стоит назвать именно то, что произошло, а не вешать на себя общий ярлык.', 2),
  (842, 281, 'Вроде бы разумом отделяю поступок от себя, но осадок в духе ''я такой'' всё равно остаётся.', 1),
  (843, 281, 'Это не ошибка, это подтверждение того, какой я на самом деле.', 0),
  (844, 282, 'Ошибка — это просто ошибка, она не определяет меня целиком.', 2),
  (845, 282, 'Формально это только эпизод, но ощущение общей несостоятельности никуда не девается.', 1),
  (846, 282, 'Такое поведение просто описывает меня целиком, тут и обсуждать нечего.', 0),
  (847, 283, 'Это конкретная ошибка в конкретной ситуации, а не приговор моим способностям в целом.', 2),
  (848, 283, 'Ладно, ошибка есть ошибка, но всё равно чувствую себя немного никчёмным из-за этого.', 1),
  (849, 283, 'Это доказывает, что я в принципе никчёмный человек в этой сфере.', 0),
  (850, 284, 'Один эпизод описывает действие, а не то, кто я есть как человек.', 2),
  (851, 284, 'Понимаю, что дело в конкретном действии, но ярлык всё равно навязчиво крутится в голове.', 1),
  (852, 284, 'Раз так вышло — значит, я просто безнадёжен в этом деле.', 0),
  (853, 285, 'Стоит назвать именно то, что произошло, а не вешать на себя общий ярлык.', 2),
  (854, 285, 'Вроде бы разумом отделяю поступок от себя, но осадок в духе ''я такой'' всё равно остаётся.', 1),
  (855, 285, 'Это не ошибка, это подтверждение того, какой я на самом деле.', 0),
  (856, 286, 'Ошибка — это просто ошибка, она не определяет меня целиком.', 2),
  (857, 286, 'Формально это только эпизод, но ощущение общей несостоятельности никуда не девается.', 1),
  (858, 286, 'Такое поведение просто описывает меня целиком, тут и обсуждать нечего.', 0),
  (859, 287, 'Это конкретная ошибка в конкретной ситуации, а не приговор моим способностям в целом.', 2),
  (860, 287, 'Ладно, ошибка есть ошибка, но всё равно чувствую себя немного никчёмным из-за этого.', 1),
  (861, 287, 'Это доказывает, что я в принципе никчёмный человек в этой сфере.', 0),
  (862, 288, 'Один эпизод описывает действие, а не то, кто я есть как человек.', 2),
  (863, 288, 'Понимаю, что дело в конкретном действии, но ярлык всё равно навязчиво крутится в голове.', 1),
  (864, 288, 'Раз так вышло — значит, я просто безнадёжен в этом деле.', 0),
  (865, 289, 'Стоит назвать именно то, что произошло, а не вешать на себя общий ярлык.', 2),
  (866, 289, 'Вроде бы разумом отделяю поступок от себя, но осадок в духе ''я такой'' всё равно остаётся.', 1),
  (867, 289, 'Это не ошибка, это подтверждение того, какой я на самом деле.', 0),
  (868, 290, 'Ошибка — это просто ошибка, она не определяет меня целиком.', 2),
  (869, 290, 'Формально это только эпизод, но ощущение общей несостоятельности никуда не девается.', 1),
  (870, 290, 'Такое поведение просто описывает меня целиком, тут и обсуждать нечего.', 0),
  (871, 291, 'Это конкретная ошибка в конкретной ситуации, а не приговор моим способностям в целом.', 2),
  (872, 291, 'Ладно, ошибка есть ошибка, но всё равно чувствую себя немного никчёмным из-за этого.', 1),
  (873, 291, 'Это доказывает, что я в принципе никчёмный человек в этой сфере.', 0),
  (874, 292, 'Один эпизод описывает действие, а не то, кто я есть как человек.', 2),
  (875, 292, 'Понимаю, что дело в конкретном действии, но ярлык всё равно навязчиво крутится в голове.', 1),
  (876, 292, 'Раз так вышло — значит, я просто безнадёжен в этом деле.', 0),
  (877, 293, 'Стоит назвать именно то, что произошло, а не вешать на себя общий ярлык.', 2),
  (878, 293, 'Вроде бы разумом отделяю поступок от себя, но осадок в духе ''я такой'' всё равно остаётся.', 1),
  (879, 293, 'Это не ошибка, это подтверждение того, какой я на самом деле.', 0),
  (880, 294, 'Ошибка — это просто ошибка, она не определяет меня целиком.', 2),
  (881, 294, 'Формально это только эпизод, но ощущение общей несостоятельности никуда не девается.', 1),
  (882, 294, 'Такое поведение просто описывает меня целиком, тут и обсуждать нечего.', 0),
  (883, 295, 'Это конкретная ошибка в конкретной ситуации, а не приговор моим способностям в целом.', 2),
  (884, 295, 'Ладно, ошибка есть ошибка, но всё равно чувствую себя немного никчёмным из-за этого.', 1),
  (885, 295, 'Это доказывает, что я в принципе никчёмный человек в этой сфере.', 0),
  (886, 296, 'Один эпизод описывает действие, а не то, кто я есть как человек.', 2),
  (887, 296, 'Понимаю, что дело в конкретном действии, но ярлык всё равно навязчиво крутится в голове.', 1),
  (888, 296, 'Раз так вышло — значит, я просто безнадёжен в этом деле.', 0),
  (889, 297, 'Стоит назвать именно то, что произошло, а не вешать на себя общий ярлык.', 2),
  (890, 297, 'Вроде бы разумом отделяю поступок от себя, но осадок в духе ''я такой'' всё равно остаётся.', 1),
  (891, 297, 'Это не ошибка, это подтверждение того, какой я на самом деле.', 0),
  (892, 298, 'Ошибка — это просто ошибка, она не определяет меня целиком.', 2),
  (893, 298, 'Формально это только эпизод, но ощущение общей несостоятельности никуда не девается.', 1),
  (894, 298, 'Такое поведение просто описывает меня целиком, тут и обсуждать нечего.', 0),
  (895, 299, 'Это конкретная ошибка в конкретной ситуации, а не приговор моим способностям в целом.', 2),
  (896, 299, 'Ладно, ошибка есть ошибка, но всё равно чувствую себя немного никчёмным из-за этого.', 1),
  (897, 299, 'Это доказывает, что я в принципе никчёмный человек в этой сфере.', 0),
  (898, 300, 'Один эпизод описывает действие, а не то, кто я есть как человек.', 2),
  (899, 300, 'Понимаю, что дело в конкретном действии, но ярлык всё равно навязчиво крутится в голове.', 1),
  (900, 300, 'Раз так вышло — значит, я просто безнадёжен в этом деле.', 0),
  (901, 301, 'На результат влияло много факторов, а не только мои действия — не стоит брать на себя всю ответственность.', 2),
  (902, 301, 'Наверное, дело не только во мне, но всё равно кажется, что я подвёл больше остальных.', 1),
  (903, 301, 'Это полностью моя вина, я один во всём виноват.', 0),
  (904, 302, 'Часть ответственности точно моя, но далеко не вся, и стоит учитывать контекст в целом.', 2),
  (905, 302, 'Умом понимаю, что были и другие факторы, но чувство вины всё равно в основном моё.', 1),
  (906, 302, 'Если бы я поступил иначе, ничего плохого бы не случилось — ответственность целиком на мне.', 0),
  (907, 303, 'Это результат работы многих обстоятельств и людей, а не только меня одного.', 2),
  (908, 303, 'Формально ответственность общая, но ощущение, будто я мог сделать больше, никуда не уходит.', 1),
  (909, 303, 'Все проблемы в этой ситуации возникли именно из-за меня.', 0),
  (910, 304, 'Разумно разобраться, что можно было сделать иначе, не считая себя единственным виновником.', 2),
  (911, 304, 'Возможно, я не единственная причина, но всё равно кажется, что вина лежит в основном на мне.', 1),
  (912, 304, 'Я единственная причина того, что всё пошло не так.', 0),
  (913, 305, 'На результат влияло много факторов, а не только мои действия — не стоит брать на себя всю ответственность.', 2),
  (914, 305, 'Наверное, дело не только во мне, но всё равно кажется, что я подвёл больше остальных.', 1),
  (915, 305, 'Это полностью моя вина, я один во всём виноват.', 0),
  (916, 306, 'Часть ответственности точно моя, но далеко не вся, и стоит учитывать контекст в целом.', 2),
  (917, 306, 'Умом понимаю, что были и другие факторы, но чувство вины всё равно в основном моё.', 1),
  (918, 306, 'Если бы я поступил иначе, ничего плохого бы не случилось — ответственность целиком на мне.', 0),
  (919, 307, 'Это результат работы многих обстоятельств и людей, а не только меня одного.', 2),
  (920, 307, 'Формально ответственность общая, но ощущение, будто я мог сделать больше, никуда не уходит.', 1),
  (921, 307, 'Все проблемы в этой ситуации возникли именно из-за меня.', 0),
  (922, 308, 'Разумно разобраться, что можно было сделать иначе, не считая себя единственным виновником.', 2),
  (923, 308, 'Возможно, я не единственная причина, но всё равно кажется, что вина лежит в основном на мне.', 1),
  (924, 308, 'Я единственная причина того, что всё пошло не так.', 0),
  (925, 309, 'На результат влияло много факторов, а не только мои действия — не стоит брать на себя всю ответственность.', 2),
  (926, 309, 'Наверное, дело не только во мне, но всё равно кажется, что я подвёл больше остальных.', 1),
  (927, 309, 'Это полностью моя вина, я один во всём виноват.', 0),
  (928, 310, 'Часть ответственности точно моя, но далеко не вся, и стоит учитывать контекст в целом.', 2),
  (929, 310, 'Умом понимаю, что были и другие факторы, но чувство вины всё равно в основном моё.', 1),
  (930, 310, 'Если бы я поступил иначе, ничего плохого бы не случилось — ответственность целиком на мне.', 0),
  (931, 311, 'Это результат работы многих обстоятельств и людей, а не только меня одного.', 2),
  (932, 311, 'Формально ответственность общая, но ощущение, будто я мог сделать больше, никуда не уходит.', 1),
  (933, 311, 'Все проблемы в этой ситуации возникли именно из-за меня.', 0),
  (934, 312, 'Разумно разобраться, что можно было сделать иначе, не считая себя единственным виновником.', 2),
  (935, 312, 'Возможно, я не единственная причина, но всё равно кажется, что вина лежит в основном на мне.', 1),
  (936, 312, 'Я единственная причина того, что всё пошло не так.', 0),
  (937, 313, 'На результат влияло много факторов, а не только мои действия — не стоит брать на себя всю ответственность.', 2),
  (938, 313, 'Наверное, дело не только во мне, но всё равно кажется, что я подвёл больше остальных.', 1),
  (939, 313, 'Это полностью моя вина, я один во всём виноват.', 0),
  (940, 314, 'Часть ответственности точно моя, но далеко не вся, и стоит учитывать контекст в целом.', 2),
  (941, 314, 'Умом понимаю, что были и другие факторы, но чувство вины всё равно в основном моё.', 1),
  (942, 314, 'Если бы я поступил иначе, ничего плохого бы не случилось — ответственность целиком на мне.', 0),
  (943, 315, 'Это результат работы многих обстоятельств и людей, а не только меня одного.', 2),
  (944, 315, 'Формально ответственность общая, но ощущение, будто я мог сделать больше, никуда не уходит.', 1),
  (945, 315, 'Все проблемы в этой ситуации возникли именно из-за меня.', 0),
  (946, 316, 'Разумно разобраться, что можно было сделать иначе, не считая себя единственным виновником.', 2),
  (947, 316, 'Возможно, я не единственная причина, но всё равно кажется, что вина лежит в основном на мне.', 1),
  (948, 316, 'Я единственная причина того, что всё пошло не так.', 0),
  (949, 317, 'На результат влияло много факторов, а не только мои действия — не стоит брать на себя всю ответственность.', 2),
  (950, 317, 'Наверное, дело не только во мне, но всё равно кажется, что я подвёл больше остальных.', 1),
  (951, 317, 'Это полностью моя вина, я один во всём виноват.', 0),
  (952, 318, 'Часть ответственности точно моя, но далеко не вся, и стоит учитывать контекст в целом.', 2),
  (953, 318, 'Умом понимаю, что были и другие факторы, но чувство вины всё равно в основном моё.', 1),
  (954, 318, 'Если бы я поступил иначе, ничего плохого бы не случилось — ответственность целиком на мне.', 0),
  (955, 319, 'Это результат работы многих обстоятельств и людей, а не только меня одного.', 2),
  (956, 319, 'Формально ответственность общая, но ощущение, будто я мог сделать больше, никуда не уходит.', 1),
  (957, 319, 'Все проблемы в этой ситуации возникли именно из-за меня.', 0),
  (958, 320, 'Разумно разобраться, что можно было сделать иначе, не считая себя единственным виновником.', 2),
  (959, 320, 'Возможно, я не единственная причина, но всё равно кажется, что вина лежит в основном на мне.', 1),
  (960, 320, 'Я единственная причина того, что всё пошло не так.', 0),
  (961, 321, 'На результат влияло много факторов, а не только мои действия — не стоит брать на себя всю ответственность.', 2),
  (962, 321, 'Наверное, дело не только во мне, но всё равно кажется, что я подвёл больше остальных.', 1),
  (963, 321, 'Это полностью моя вина, я один во всём виноват.', 0),
  (964, 322, 'Часть ответственности точно моя, но далеко не вся, и стоит учитывать контекст в целом.', 2),
  (965, 322, 'Умом понимаю, что были и другие факторы, но чувство вины всё равно в основном моё.', 1),
  (966, 322, 'Если бы я поступил иначе, ничего плохого бы не случилось — ответственность целиком на мне.', 0),
  (967, 323, 'Это результат работы многих обстоятельств и людей, а не только меня одного.', 2),
  (968, 323, 'Формально ответственность общая, но ощущение, будто я мог сделать больше, никуда не уходит.', 1),
  (969, 323, 'Все проблемы в этой ситуации возникли именно из-за меня.', 0),
  (970, 324, 'Разумно разобраться, что можно было сделать иначе, не считая себя единственным виновником.', 2),
  (971, 324, 'Возможно, я не единственная причина, но всё равно кажется, что вина лежит в основном на мне.', 1),
  (972, 324, 'Я единственная причина того, что всё пошло не так.', 0),
  (973, 325, 'На результат влияло много факторов, а не только мои действия — не стоит брать на себя всю ответственность.', 2),
  (974, 325, 'Наверное, дело не только во мне, но всё равно кажется, что я подвёл больше остальных.', 1),
  (975, 325, 'Это полностью моя вина, я один во всём виноват.', 0),
  (976, 326, 'Часть ответственности точно моя, но далеко не вся, и стоит учитывать контекст в целом.', 2),
  (977, 326, 'Умом понимаю, что были и другие факторы, но чувство вины всё равно в основном моё.', 1),
  (978, 326, 'Если бы я поступил иначе, ничего плохого бы не случилось — ответственность целиком на мне.', 0),
  (979, 327, 'Это результат работы многих обстоятельств и людей, а не только меня одного.', 2),
  (980, 327, 'Формально ответственность общая, но ощущение, будто я мог сделать больше, никуда не уходит.', 1),
  (981, 327, 'Все проблемы в этой ситуации возникли именно из-за меня.', 0),
  (982, 328, 'Разумно разобраться, что можно было сделать иначе, не считая себя единственным виновником.', 2),
  (983, 328, 'Возможно, я не единственная причина, но всё равно кажется, что вина лежит в основном на мне.', 1),
  (984, 328, 'Я единственная причина того, что всё пошло не так.', 0),
  (985, 329, 'На результат влияло много факторов, а не только мои действия — не стоит брать на себя всю ответственность.', 2),
  (986, 329, 'Наверное, дело не только во мне, но всё равно кажется, что я подвёл больше остальных.', 1),
  (987, 329, 'Это полностью моя вина, я один во всём виноват.', 0),
  (988, 330, 'Часть ответственности точно моя, но далеко не вся, и стоит учитывать контекст в целом.', 2),
  (989, 330, 'Умом понимаю, что были и другие факторы, но чувство вины всё равно в основном моё.', 1),
  (990, 330, 'Если бы я поступил иначе, ничего плохого бы не случилось — ответственность целиком на мне.', 0);

SELECT setval(pg_get_serial_sequence('distortion_options', 'id'), (SELECT MAX(id) FROM distortion_options));
